gene_id	label	pred
ENSG00000100393	True	True
ENSG00000133703	True	True
ENSG00000155657	False	True
ENSG00000284792	True	True
ENSG00000039068	True	True
ENSG00000121879	True	True
ENSG00000146648	True	True
ENSG00000168036	True	True
ENSG00000141510	True	True
ENSG00000005339	True	True
ENSG00000149311	True	True
ENSG00000117713	True	True
ENSG00000109670	True	True
ENSG00000142208	True	True
ENSG00000136997	True	True
ENSG00000167548	True	True
ENSG00000163554	False	True
ENSG00000100345	True	True
ENSG00000148400	True	True
ENSG00000111642	True	True
ENSG00000134982	True	True
ENSG00000147050	True	True
ENSG00000012048	True	True
ENSG00000141646	True	True
ENSG00000197694	False	True
ENSG00000131018	False	True
ENSG00000145675	True	True
ENSG00000080824	True	True
ENSG00000166949	True	True
ENSG00000178209	False	True
ENSG00000127616	True	True
ENSG00000118058	True	True
ENSG00000157764	True	True
ENSG00000143631	False	True
	False	True
ENSG00000150991	False	True
ENSG00000075624	False	True
ENSG00000141736	True	True
ENSG00000100030	True	True
ENSG00000175387	True	True
ENSG00000001626	False	True
ENSG00000168610	True	True
ENSG00000198400	True	True
ENSG00000185591	False	True
ENSG00000169083	True	True
	True	True
ENSG00000196591	False	True
ENSG00000091831	True	True
	False	True
	False	True
ENSG00000096401	False	True
ENSG00000140575	False	True
ENSG00000109971	False	True
	False	True
	False	True
ENSG00000118046	True	True
	False	True
	False	True
	True	True
ENSG00000160789	True	True
	False	True
	False	True
ENSG00000175054	True	True
ENSG00000187531	False	True
ENSG00000124006	False	True
ENSG00000100603	False	True
ENSG00000121067	True	True
ENSG00000140464	True	True
ENSG00000181555	True	True
ENSG00000172531	False	True
ENSG00000181143	True	True
ENSG00000164924	False	True
ENSG00000182944	True	True
ENSG00000100644	True	True
ENSG00000055609	True	True
ENSG00000036257	True	True
ENSG00000141027	True	True
ENSG00000128731	False	True
ENSG00000163939	True	True
ENSG00000141367	True	True
ENSG00000127481	False	True
ENSG00000160691	False	True
ENSG00000276536	True	True
ENSG00000083857	True	True
ENSG00000087586	True	True
ENSG00000097007	True	True
ENSG00000060237	False	True
ENSG00000288121	False	True
ENSG00000253729	False	True
ENSG00000273686	True	True
ENSG00000072803	False	True
ENSG00000151914	False	True
ENSG00000132155	True	True
	False	True
ENSG00000177606	True	True
ENSG00000135679	True	True
ENSG00000110395	True	True
ENSG00000170365	False	True
ENSG00000067369	False	True
ENSG00000134308	False	True
ENSG00000105325	False	True
ENSG00000163781	False	True
ENSG00000095015	True	True
ENSG00000127914	True	True
ENSG00000101412	True	True
ENSG00000161011	False	True
ENSG00000158092	False	True
ENSG00000166167	False	True
ENSG00000143341	False	True
ENSG00000137076	False	True
ENSG00000117748	False	True
	False	True
ENSG00000196924	True	True
ENSG00000010810	False	True
ENSG00000134250	True	True
ENSG00000131196	False	True
ENSG00000104365	True	True
ENSG00000164754	True	True
ENSG00000181449	True	True
ENSG00000153707	True	True
ENSG00000272333	False	True
ENSG00000124151	True	True
ENSG00000096717	False	True
ENSG00000196712	True	True
ENSG00000082701	False	True
ENSG00000113916	True	True
ENSG00000213341	False	True
ENSG00000143702	False	True
ENSG00000164305	True	True
ENSG00000186575	True	True
ENSG00000159692	False	True
ENSG00000065526	True	True
ENSG00000166851	False	True
ENSG00000154229	False	True
ENSG00000115415	False	True
ENSG00000143799	True	True
ENSG00000096384	True	True
	False	True
ENSG00000171316	False	True
ENSG00000197102	False	True
ENSG00000170312	False	True
ENSG00000204531	True	True
ENSG00000173039	False	True
ENSG00000005810	False	True
ENSG00000137486	False	True
ENSG00000108055	False	True
	False	True
ENSG00000103275	False	True
ENSG00000183117	False	True
	False	True
ENSG00000206279	True	True
ENSG00000116478	False	True
ENSG00000186472	False	True
ENSG00000068024	False	True
ENSG00000139613	False	True
ENSG00000169398	False	True
ENSG00000113580	False	True
ENSG00000132646	True	True
ENSG00000129691	False	True
ENSG00000050405	False	True
ENSG00000167193	False	True
ENSG00000108654	True	True
ENSG00000136754	True	True
ENSG00000114166	False	True
ENSG00000102974	True	True
ENSG00000171720	False	True
ENSG00000141568	False	True
ENSG00000120738	True	True
ENSG00000116044	True	True
ENSG00000196363	False	True
ENSG00000083168	True	True
ENSG00000169375	False	True
ENSG00000188906	False	True
ENSG00000178104	False	True
ENSG00000108953	True	True
ENSG00000068078	True	True
ENSG00000177885	False	True
ENSG00000128052	True	True
ENSG00000153201	True	True
ENSG00000165119	False	True
ENSG00000179295	True	True
ENSG00000197386	False	True
	False	True
ENSG00000150457	False	True
	False	True
ENSG00000100629	False	True
ENSG00000140443	True	True
ENSG00000113712	False	True
ENSG00000145907	False	True
ENSG00000108424	False	True
ENSG00000135250	False	True
ENSG00000196498	True	True
ENSG00000170004	False	True
ENSG00000157212	False	True
ENSG00000124486	False	True
ENSG00000117560	True	True
ENSG00000163932	False	True
ENSG00000115641	False	True
ENSG00000123384	False	True
ENSG00000145715	False	True
ENSG00000079999	True	True
	False	True
ENSG00000132170	True	True
ENSG00000154358	False	True
ENSG00000099956	True	True
ENSG00000124762	True	True
ENSG00000117222	False	True
ENSG00000073111	False	True
ENSG00000106462	True	True
ENSG00000181163	True	True
ENSG00000136238	True	True
ENSG00000134086	True	True
ENSG00000084676	True	True
ENSG00000173473	False	True
ENSG00000182481	False	True
ENSG00000188612	False	True
ENSG00000166598	False	True
ENSG00000136807	False	True
ENSG00000198898	False	True
ENSG00000198900	True	True
	False	True
ENSG00000076242	True	True
ENSG00000189079	True	True
ENSG00000077522	False	True
ENSG00000178568	True	True
ENSG00000137309	True	True
ENSG00000182979	False	True
ENSG00000197299	True	True
ENSG00000186153	False	True
ENSG00000170345	False	True
ENSG00000165025	True	True
ENSG00000004897	False	True
	True	True
ENSG00000184009	False	True
ENSG00000163104	False	True
ENSG00000132604	False	True
	False	True
ENSG00000162946	False	True
ENSG00000139618	True	True
ENSG00000213281	True	True
ENSG00000198793	True	True
ENSG00000182866	True	True
ENSG00000115414	False	True
ENSG00000138376	True	True
ENSG00000089159	False	True
ENSG00000104517	True	True
ENSG00000118260	True	True
ENSG00000047410	True	True
ENSG00000158169	True	True
ENSG00000198626	False	True
ENSG00000140836	True	True
ENSG00000108604	False	True
ENSG00000107854	False	True
ENSG00000173821	True	True
ENSG00000136068	False	True
ENSG00000065361	True	True
ENSG00000159216	True	True
ENSG00000168214	False	True
ENSG00000169047	False	True
ENSG00000106799	False	True
	True	True
ENSG00000197321	False	True
ENSG00000080503	False	True
ENSG00000044574	False	True
ENSG00000120899	False	True
ENSG00000230108	True	True
ENSG00000101096	True	True
ENSG00000105810	True	True
ENSG00000174405	False	True
	False	True
ENSG00000064012	True	True
ENSG00000118689	True	True
ENSG00000137693	False	True
ENSG00000173801	False	True
ENSG00000115904	False	True
ENSG00000079246	False	True
ENSG00000144554	True	True
ENSG00000101004	False	True
ENSG00000166913	False	True
ENSG00000143437	True	True
ENSG00000166147	False	True
ENSG00000125107	False	True
ENSG00000145604	True	True
ENSG00000069869	False	True
ENSG00000073282	True	True
ENSG00000162434	True	True
ENSG00000145386	False	True
ENSG00000066468	True	True
ENSG00000104320	True	True
ENSG00000111875	False	True
ENSG00000143632	False	True
ENSG00000111704	False	True
ENSG00000275979	True	True
ENSG00000150093	False	True
ENSG00000169032	True	True
ENSG00000133026	False	True
ENSG00000072501	True	True
ENSG00000111276	True	True
ENSG00000131759	True	True
ENSG00000129514	True	True
ENSG00000090905	False	True
ENSG00000169515	False	True
	False	True
ENSG00000174799	False	True
ENSG00000187790	False	True
ENSG00000125398	True	True
ENSG00000128513	True	True
ENSG00000081479	False	True
ENSG00000134954	True	True
ENSG00000196419	True	True
ENSG00000187741	True	True
ENSG00000034152	False	True
	True	True
ENSG00000110092	True	True
ENSG00000134057	False	True
ENSG00000124181	True	True
ENSG00000172534	False	True
ENSG00000094631	False	True
ENSG00000198909	False	True
ENSG00000095002	True	True
ENSG00000115306	False	True
ENSG00000116127	False	True
ENSG00000120885	True	True
ENSG00000070950	False	True
ENSG00000284126	False	True
ENSG00000189403	False	True
ENSG00000102755	False	True
ENSG00000163930	True	True
ENSG00000134640	False	True
ENSG00000125952	True	True
ENSG00000096968	True	True
ENSG00000196367	True	True
ENSG00000011426	False	True
ENSG00000110713	True	True
ENSG00000148498	False	True
ENSG00000168283	False	True
ENSG00000141480	False	True
ENSG00000163625	False	True
ENSG00000187555	False	True
ENSG00000111679	True	True
ENSG00000115524	True	True
ENSG00000178999	True	True
ENSG00000105974	True	True
ENSG00000142453	False	True
ENSG00000149554	False	True
ENSG00000074219	False	True
ENSG00000050748	False	True
ENSG00000151150	False	True
ENSG00000078900	False	True
ENSG00000160867	True	True
ENSG00000169710	True	True
ENSG00000173273	False	True
ENSG00000171552	True	True
ENSG00000085224	True	True
ENSG00000100084	False	True
ENSG00000070831	False	True
ENSG00000109320	False	True
ENSG00000277401	False	True
ENSG00000049618	True	True
ENSG00000102554	False	True
ENSG00000048028	False	True
ENSG00000044115	False	True
ENSG00000079805	True	True
ENSG00000204843	True	True
ENSG00000141867	True	True
ENSG00000147010	False	True
ENSG00000140396	True	True
ENSG00000112062	False	True
ENSG00000124788	False	True
ENSG00000269335	False	True
ENSG00000078674	True	True
ENSG00000128591	False	True
ENSG00000197122	True	True
ENSG00000067606	False	True
ENSG00000103126	True	True
ENSG00000113721	True	True
ENSG00000170558	False	True
ENSG00000133895	True	True
ENSG00000101266	False	True
ENSG00000196781	False	True
ENSG00000117399	False	True
ENSG00000163631	False	True
ENSG00000116062	True	True
ENSG00000101639	False	True
ENSG00000108443	False	True
ENSG00000141564	False	True
ENSG00000137497	True	True
ENSG00000077782	True	True
ENSG00000101367	False	True
ENSG00000141582	False	True
ENSG00000183765	True	True
ENSG00000182923	False	True
ENSG00000134371	True	True
ENSG00000261609	False	True
ENSG00000165392	True	True
ENSG00000051180	True	True
ENSG00000153487	False	True
ENSG00000101665	False	True
ENSG00000131747	False	True
ENSG00000067560	True	True
ENSG00000086758	False	True
ENSG00000196730	False	True
ENSG00000121570	False	True
ENSG00000148180	False	True
ENSG00000134853	True	True
ENSG00000167110	False	True
ENSG00000157404	True	True
ENSG00000164362	True	True
ENSG00000141068	False	True
ENSG00000129521	False	True
ENSG00000135316	False	True
ENSG00000061273	False	True
ENSG00000130402	False	True
ENSG00000072062	True	True
ENSG00000198838	False	True
ENSG00000105229	False	True
ENSG00000186350	False	True
ENSG00000213639	False	True
ENSG00000033800	False	True
ENSG00000114062	False	True
ENSG00000160299	False	True
ENSG00000156508	False	True
ENSG00000115677	False	True
ENSG00000105647	False	True
ENSG00000090447	False	True
ENSG00000004487	False	True
ENSG00000105976	True	True
ENSG00000061938	False	True
	False	True
ENSG00000104884	True	True
ENSG00000029534	True	True
ENSG00000148396	False	True
ENSG00000067182	False	True
ENSG00000108773	False	True
ENSG00000071655	False	True
ENSG00000143514	False	True
ENSG00000178691	True	True
ENSG00000083799	True	True
ENSG00000137203	False	True
ENSG00000113758	False	True
ENSG00000135446	True	True
ENSG00000185338	True	True
ENSG00000206560	False	True
ENSG00000136603	False	True
ENSG00000025770	False	True
ENSG00000064933	True	True
ENSG00000165280	False	True
ENSG00000124766	False	True
ENSG00000163629	True	True
ENSG00000153147	False	True
ENSG00000167986	False	True
ENSG00000147854	False	True
ENSG00000117461	False	True
ENSG00000127603	False	True
ENSG00000198646	False	True
ENSG00000082175	True	True
ENSG00000168685	True	True
ENSG00000072518	False	True
ENSG00000140009	True	True
ENSG00000114423	True	True
ENSG00000107643	True	True
ENSG00000164885	False	True
ENSG00000100906	False	True
ENSG00000058272	False	True
ENSG00000066117	True	True
ENSG00000165699	True	True
ENSG00000123358	False	True
ENSG00000147601	False	True
ENSG00000166888	True	True
ENSG00000154767	True	True
ENSG00000120693	False	True
ENSG00000153207	False	True
ENSG00000205726	False	True
ENSG00000122512	True	True
ENSG00000085511	False	True
ENSG00000142627	False	True
ENSG00000254087	False	True
ENSG00000156052	True	True
ENSG00000105993	False	True
ENSG00000026025	True	True
ENSG00000141968	True	True
ENSG00000167658	False	True
ENSG00000143384	False	True
ENSG00000105568	True	True
ENSG00000136824	False	True
ENSG00000163558	False	True
ENSG00000151849	False	True
ENSG00000196535	False	True
ENSG00000078304	False	True
ENSG00000013441	False	True
ENSG00000197323	True	True
ENSG00000035403	False	True
ENSG00000215301	True	True
ENSG00000163611	False	True
ENSG00000112658	False	True
ENSG00000198265	False	True
ENSG00000119397	True	True
ENSG00000180530	False	True
ENSG00000146674	True	True
ENSG00000029363	True	True
ENSG00000157540	False	True
ENSG00000170606	False	True
ENSG00000143970	True	True
ENSG00000103657	False	True
ENSG00000175866	False	True
ENSG00000114346	False	True
ENSG00000197892	False	True
ENSG00000073584	True	True
ENSG00000184634	True	True
ENSG00000166037	False	True
ENSG00000121989	True	True
ENSG00000075218	False	True
ENSG00000196586	False	True
ENSG00000135945	False	True
ENSG00000245848	True	True
ENSG00000142798	False	True
ENSG00000141380	True	True
ENSG00000171105	False	True
ENSG00000182718	False	True
ENSG00000107863	False	True
ENSG00000074266	True	True
ENSG00000177565	True	True
ENSG00000136485	False	True
ENSG00000065978	False	True
ENSG00000171634	False	True
ENSG00000009413	False	True
ENSG00000020633	True	True
ENSG00000135913	False	True
ENSG00000141376	False	True
ENSG00000106571	False	True
ENSG00000135269	False	True
ENSG00000118515	True	True
ENSG00000131626	False	True
ENSG00000080815	False	True
ENSG00000186951	False	True
ENSG00000107581	False	True
ENSG00000113575	False	True
ENSG00000115053	False	True
ENSG00000035928	False	True
ENSG00000163517	False	True
ENSG00000111057	False	True
ENSG00000108469	False	True
ENSG00000170581	False	True
ENSG00000112592	False	True
ENSG00000170027	False	True
ENSG00000067900	False	True
ENSG00000154310	False	True
ENSG00000077097	False	True
ENSG00000102054	False	True
ENSG00000117020	True	True
ENSG00000111596	False	True
ENSG00000131023	False	True
ENSG00000178562	True	True
ENSG00000117139	False	True
ENSG00000099250	False	True
ENSG00000092201	False	True
ENSG00000186318	False	True
ENSG00000288401	False	True
ENSG00000185950	False	True
ENSG00000118513	True	True
ENSG00000197879	False	True
ENSG00000010671	True	True
ENSG00000111087	True	True
ENSG00000108946	True	True
ENSG00000166164	False	True
ENSG00000167552	False	True
ENSG00000054654	False	True
ENSG00000276644	False	True
ENSG00000123374	False	True
ENSG00000121741	True	True
ENSG00000064393	False	True
ENSG00000136518	False	True
ENSG00000120438	False	True
ENSG00000155229	False	True
ENSG00000111859	False	True
ENSG00000055130	False	True
ENSG00000168310	False	True
ENSG00000148773	True	True
ENSG00000123416	False	True
ENSG00000111424	True	True
ENSG00000163513	True	True
ENSG00000140416	False	True
ENSG00000123124	False	True
ENSG00000054118	True	True
ENSG00000134352	True	True
ENSG00000132842	False	True
ENSG00000126561	False	True
ENSG00000186716	True	True
ENSG00000134899	False	True
ENSG00000100503	True	True
ENSG00000112559	False	True
ENSG00000162775	True	True
ENSG00000198873	False	True
ENSG00000147133	False	True
ENSG00000161547	True	True
ENSG00000101076	False	True
ENSG00000103510	False	True
ENSG00000169045	False	True
ENSG00000077150	True	True
ENSG00000170315	False	True
ENSG00000178951	False	True
ENSG00000185630	True	True
ENSG00000170836	True	True
ENSG00000135100	True	True
ENSG00000020922	False	True
ENSG00000089053	False	True
ENSG00000176165	False	True
ENSG00000124789	False	True
ENSG00000175793	False	True
ENSG00000149136	False	True
ENSG00000173230	False	True
ENSG00000147162	False	True
ENSG00000175029	False	True
ENSG00000253953	False	True
ENSG00000164683	True	True
ENSG00000147889	True	True
ENSG00000084764	False	True
ENSG00000277956	False	True
ENSG00000087191	False	True
ENSG00000138279	False	True
ENSG00000249915	False	True
ENSG00000100697	True	True
ENSG00000152217	True	True
ENSG00000063244	False	True
ENSG00000133030	False	True
ENSG00000104885	False	True
ENSG00000077721	False	True
ENSG00000084093	False	True
ENSG00000118971	True	True
ENSG00000196700	False	True
ENSG00000125845	False	True
ENSG00000170145	False	True
ENSG00000165458	False	True
ENSG00000109458	False	True
ENSG00000078747	False	True
ENSG00000107816	False	True
ENSG00000102119	False	True
ENSG00000071564	True	True
ENSG00000115355	False	True
ENSG00000121022	False	True
ENSG00000165556	True	True
ENSG00000172216	False	True
ENSG00000102189	False	True
ENSG00000079335	False	True
ENSG00000177189	False	True
ENSG00000130522	False	True
ENSG00000109906	True	True
ENSG00000153071	False	True
ENSG00000162692	False	True
ENSG00000111581	False	True
ENSG00000183495	False	True
ENSG00000136842	False	True
ENSG00000158773	False	True
ENSG00000145362	False	True
ENSG00000070495	False	True
ENSG00000111206	False	True
ENSG00000132383	False	True
ENSG00000023287	False	True
ENSG00000077463	False	True
ENSG00000130957	False	True
ENSG00000164327	False	True
ENSG00000107295	False	True
ENSG00000105221	True	True
ENSG00000163918	False	True
ENSG00000096696	False	True
ENSG00000103197	True	True
ENSG00000126581	False	True
ENSG00000273079	False	True
ENSG00000111605	False	True
ENSG00000265972	False	True
ENSG00000138823	False	True
ENSG00000112312	False	True
ENSG00000135473	False	True
ENSG00000127445	True	True
ENSG00000122691	False	True
ENSG00000277359	False	True
ENSG00000157500	False	True
ENSG00000148346	True	True
ENSG00000280987	False	True
ENSG00000160224	False	True
ENSG00000121774	False	True
ENSG00000188107	False	True
ENSG00000166579	False	True
ENSG00000022267	False	True
ENSG00000122566	True	True
ENSG00000078246	False	True
ENSG00000164611	False	True
ENSG00000138814	False	True
ENSG00000281813	True	True
ENSG00000124177	False	True
ENSG00000134909	False	True
ENSG00000113558	False	True
ENSG00000008294	False	True
ENSG00000099942	False	True
ENSG00000151694	False	True
ENSG00000161800	False	True
ENSG00000092820	True	True
ENSG00000116539	False	True
ENSG00000106511	False	True
ENSG00000114030	False	True
ENSG00000152689	False	True
ENSG00000142182	False	True
ENSG00000108395	False	True
ENSG00000112742	False	True
ENSG00000166333	False	True
ENSG00000182670	False	True
	False	True
ENSG00000065613	False	True
ENSG00000275176	False	True
ENSG00000008710	False	True
ENSG00000136153	False	True
ENSG00000151090	False	True
ENSG00000126457	False	True
ENSG00000122779	True	True
ENSG00000164091	False	True
ENSG00000109819	False	True
	False	True
ENSG00000274726	True	True
ENSG00000137710	False	True
ENSG00000126583	False	True
ENSG00000205683	False	True
ENSG00000105173	True	True
ENSG00000156983	False	True
ENSG00000126883	True	True
ENSG00000186432	False	True
ENSG00000113318	False	True
ENSG00000108854	False	True
ENSG00000138795	True	True
ENSG00000176884	False	True
ENSG00000114861	True	True
ENSG00000065559	True	True
ENSG00000196923	False	True
ENSG00000171223	False	True
ENSG00000115232	False	True
ENSG00000168259	False	True
ENSG00000079102	True	True
ENSG00000102882	False	True
ENSG00000132341	False	True
ENSG00000108510	False	True
ENSG00000101945	False	True
ENSG00000183386	False	True
ENSG00000138160	False	True
ENSG00000151835	False	True
ENSG00000198467	False	True
ENSG00000150995	False	True
ENSG00000064655	False	True
ENSG00000196233	False	True
ENSG00000124216	False	True
ENSG00000171094	True	True
ENSG00000055208	False	True
ENSG00000178919	False	True
ENSG00000128191	True	True
ENSG00000109111	False	True
ENSG00000162961	False	True
ENSG00000235307	False	True
ENSG00000156735	False	True
ENSG00000167258	True	True
ENSG00000026103	True	True
ENSG00000103266	False	True
ENSG00000158402	False	True
ENSG00000140564	False	True
ENSG00000171791	True	True
ENSG00000116473	False	True
ENSG00000130816	True	True
ENSG00000116030	False	True
ENSG00000185104	False	True
ENSG00000161203	False	True
ENSG00000136826	True	True
ENSG00000068305	False	True
ENSG00000138448	True	True
ENSG00000072110	False	True
ENSG00000137094	False	True
ENSG00000099381	False	True
ENSG00000143549	True	True
ENSG00000185507	False	True
ENSG00000171681	False	True
ENSG00000172273	False	True
ENSG00000157933	True	True
ENSG00000102753	False	True
ENSG00000072310	False	True
ENSG00000127955	False	True
ENSG00000115170	True	True
ENSG00000049768	False	True
ENSG00000197442	False	True
ENSG00000081026	False	True
ENSG00000054598	False	True
ENSG00000127511	False	True
ENSG00000119685	False	True
ENSG00000135503	True	True
ENSG00000102010	False	True
ENSG00000100888	False	True
ENSG00000185499	True	True
ENSG00000172493	True	True
ENSG00000136492	True	True
ENSG00000133226	False	True
ENSG00000187514	False	True
ENSG00000128641	False	True
ENSG00000128245	False	True
	False	True
ENSG00000093000	False	True
ENSG00000107485	True	True
ENSG00000120094	False	True
ENSG00000134243	False	True
ENSG00000131981	True	True
ENSG00000186298	False	True
ENSG00000108175	False	True
ENSG00000163961	False	True
ENSG00000266028	False	True
ENSG00000160633	False	True
ENSG00000167657	False	True
ENSG00000166226	False	True
ENSG00000138162	False	True
ENSG00000100784	False	True
ENSG00000170430	True	True
ENSG00000118900	False	True
ENSG00000108984	False	True
ENSG00000084774	False	True
ENSG00000088808	False	True
ENSG00000127337	False	True
ENSG00000068903	False	True
ENSG00000182578	True	True
ENSG00000131788	False	True
ENSG00000198373	False	True
ENSG00000185651	False	True
ENSG00000105392	False	True
ENSG00000069956	False	True
ENSG00000103490	True	True
ENSG00000166508	False	True
ENSG00000136869	True	True
ENSG00000150907	True	True
ENSG00000281459	False	True
ENSG00000142731	False	True
ENSG00000091136	False	True
ENSG00000112715	True	True
ENSG00000126351	False	True
ENSG00000171132	False	True
ENSG00000102226	False	True
ENSG00000179776	False	True
ENSG00000106070	False	True
ENSG00000263001	False	True
ENSG00000178053	True	True
ENSG00000103653	False	True
ENSG00000135341	False	True
ENSG00000130726	False	True
ENSG00000162772	False	True
ENSG00000066032	True	True
ENSG00000040275	False	True
ENSG00000172845	False	True
ENSG00000116809	False	True
ENSG00000136936	True	True
ENSG00000132906	True	True
ENSG00000033327	False	True
ENSG00000105146	False	True
ENSG00000134138	False	True
ENSG00000149091	False	True
ENSG00000172530	False	True
ENSG00000082641	False	True
ENSG00000137462	False	True
ENSG00000105401	False	True
ENSG00000158941	False	True
ENSG00000131504	False	True
ENSG00000196218	False	True
ENSG00000119912	False	True
ENSG00000113578	False	True
ENSG00000151461	False	True
ENSG00000026508	True	True
ENSG00000107796	False	True
ENSG00000154832	False	True
ENSG00000124942	False	True
ENSG00000221869	False	True
ENSG00000066279	False	True
ENSG00000175216	False	True
ENSG00000147140	True	True
ENSG00000015285	True	True
ENSG00000106258	False	True
ENSG00000183454	True	True
ENSG00000070159	False	True
ENSG00000103995	False	True
ENSG00000116604	False	True
ENSG00000138081	True	True
ENSG00000054523	False	True
ENSG00000110002	False	True
ENSG00000121390	False	True
ENSG00000141551	False	True
ENSG00000139219	True	True
ENSG00000065970	False	True
ENSG00000156876	False	True
ENSG00000075711	False	True
ENSG00000083642	False	True
ENSG00000165323	True	True
ENSG00000164985	True	True
ENSG00000104856	False	True
ENSG00000128011	False	True
ENSG00000143669	False	True
ENSG00000148516	True	True
ENSG00000112290	False	True
ENSG00000057657	True	True
ENSG00000176105	False	True
ENSG00000141570	False	True
ENSG00000090402	False	True
ENSG00000107290	False	True
ENSG00000204406	False	True
ENSG00000139436	False	True
ENSG00000086967	False	True
ENSG00000166501	True	True
ENSG00000151503	False	True
ENSG00000122952	False	True
ENSG00000079387	False	True
ENSG00000070182	False	True
ENSG00000184675	True	True
ENSG00000179583	True	True
ENSG00000149115	False	True
ENSG00000125686	False	True
ENSG00000154127	False	True
ENSG00000119772	True	True
ENSG00000057935	False	True
ENSG00000180198	False	True
ENSG00000274442	False	True
ENSG00000089902	False	True
ENSG00000101191	False	True
ENSG00000168496	True	True
ENSG00000102145	True	True
ENSG00000168395	False	True
ENSG00000126016	False	True
ENSG00000108821	True	True
ENSG00000196914	True	True
ENSG00000173276	False	True
ENSG00000185811	True	True
ENSG00000172379	False	True
ENSG00000148737	True	True
ENSG00000119487	False	True
ENSG00000129152	True	True
	False	True
ENSG00000284096	False	True
ENSG00000044524	True	True
ENSG00000118503	True	True
ENSG00000137776	False	True
ENSG00000048052	False	True
ENSG00000010017	False	True
ENSG00000140525	False	True
ENSG00000024048	False	True
ENSG00000118181	False	True
ENSG00000082805	True	True
ENSG00000172016	False	True
ENSG00000132466	False	True
ENSG00000122705	False	True
ENSG00000167004	False	True
ENSG00000104447	False	True
ENSG00000179222	False	True
ENSG00000156304	False	True
ENSG00000100749	False	True
ENSG00000112118	False	True
ENSG00000071242	False	True
ENSG00000137193	True	True
ENSG00000073614	True	True
ENSG00000183684	False	True
ENSG00000157554	True	True
ENSG00000185043	False	True
ENSG00000187955	False	True
ENSG00000130635	False	True
ENSG00000165029	False	True
ENSG00000125798	False	True
ENSG00000221829	True	True
ENSG00000160310	False	True
ENSG00000164104	False	True
ENSG00000177463	False	True
ENSG00000114867	False	True
ENSG00000172977	False	True
ENSG00000087095	False	True
ENSG00000187391	False	True
ENSG00000089280	True	True
ENSG00000196159	True	True
ENSG00000274137	False	True
ENSG00000105851	False	True
ENSG00000141985	True	True
ENSG00000082014	False	True
ENSG00000125733	False	True
ENSG00000147364	False	True
ENSG00000063046	False	True
ENSG00000124831	False	True
ENSG00000099804	False	True
ENSG00000115966	False	True
ENSG00000182568	False	True
ENSG00000171956	False	True
ENSG00000172023	False	True
ENSG00000118997	False	True
ENSG00000115289	False	True
ENSG00000196628	False	True
ENSG00000172819	False	True
ENSG00000114315	False	True
ENSG00000171843	True	True
ENSG00000126803	False	True
ENSG00000176678	False	True
ENSG00000156970	True	True
ENSG00000127314	False	True
ENSG00000009954	False	True
ENSG00000083093	True	True
ENSG00000127527	False	True
ENSG00000113263	True	True
ENSG00000132326	False	True
ENSG00000002746	False	True
ENSG00000136352	True	True
ENSG00000197943	False	True
ENSG00000171456	True	True
ENSG00000074054	False	True
ENSG00000109339	False	True
ENSG00000089248	False	True
ENSG00000167670	False	True
ENSG00000149480	False	True
ENSG00000166483	False	True
ENSG00000106991	False	True
ENSG00000108825	False	True
ENSG00000012779	False	True
ENSG00000274391	False	True
ENSG00000188827	False	True
ENSG00000119707	False	True
ENSG00000161955	False	True
ENSG00000099783	False	True
ENSG00000077092	False	True
ENSG00000162924	True	True
ENSG00000065534	False	True
ENSG00000196199	False	True
	False	True
ENSG00000136450	False	True
ENSG00000101773	False	True
ENSG00000073050	True	True
ENSG00000198561	True	True
ENSG00000105963	False	True
ENSG00000116717	False	True
ENSG00000105516	False	True
ENSG00000169057	False	True
ENSG00000198830	False	True
ENSG00000108840	False	True
ENSG00000007171	True	True
ENSG00000162521	False	True
ENSG00000162367	True	True
ENSG00000070756	True	True
ENSG00000259207	False	True
ENSG00000285109	False	True
ENSG00000113360	True	True
ENSG00000262418	True	True
ENSG00000124198	False	True
ENSG00000172613	False	True
ENSG00000169862	True	True
ENSG00000072274	True	True
ENSG00000107957	False	True
ENSG00000148677	False	True
ENSG00000151422	False	True
ENSG00000124795	True	True
ENSG00000156273	False	True
ENSG00000134058	False	True
ENSG00000075413	False	True
ENSG00000112964	False	True
ENSG00000116198	False	True
ENSG00000123473	True	True
ENSG00000175197	True	True
ENSG00000170776	False	True
ENSG00000119335	True	True
ENSG00000087510	False	True
ENSG00000128573	False	True
ENSG00000109756	False	True
ENSG00000116731	True	True
ENSG00000170689	False	True
ENSG00000100462	False	True
ENSG00000281324	False	True
ENSG00000165671	True	True
ENSG00000154380	False	True
ENSG00000110274	False	True
ENSG00000122786	False	True
ENSG00000147459	False	True
ENSG00000196220	True	True
ENSG00000196961	False	True
ENSG00000196405	False	True
ENSG00000110367	True	True
ENSG00000149968	False	True
ENSG00000131910	False	True
ENSG00000100815	True	True
ENSG00000177374	False	True
ENSG00000132356	False	True
ENSG00000168944	False	True
ENSG00000151490	False	True
ENSG00000138778	False	True
ENSG00000107882	True	True
ENSG00000182872	True	True
ENSG00000133275	False	True
ENSG00000172270	False	True
ENSG00000065243	False	True
ENSG00000164109	False	True
ENSG00000099991	False	True
ENSG00000131016	False	True
ENSG00000142273	True	True
ENSG00000025156	False	True
ENSG00000147065	True	True
ENSG00000118200	False	True
ENSG00000273993	True	True
ENSG00000127334	False	True
ENSG00000103549	False	True
ENSG00000079432	True	True
ENSG00000196510	False	True
	True	True
ENSG00000113522	False	True
ENSG00000004478	False	True
ENSG00000196154	False	True
ENSG00000198056	False	True
ENSG00000135829	False	True
ENSG00000136929	False	True
ENSG00000135315	False	True
ENSG00000251322	False	True
ENSG00000127666	False	True
ENSG00000019991	True	True
ENSG00000184304	False	True
ENSG00000196611	True	True
ENSG00000153234	False	True
ENSG00000136146	False	True
ENSG00000276043	True	True
ENSG00000115163	False	True
ENSG00000126456	False	True
ENSG00000123908	False	True
ENSG00000198890	False	True
ENSG00000138696	False	True
ENSG00000156299	False	True
ENSG00000113448	False	True
ENSG00000137801	True	True
ENSG00000055483	False	True
ENSG00000103449	False	True
ENSG00000156976	True	True
ENSG00000134574	True	True
ENSG00000101210	False	True
ENSG00000096433	False	True
ENSG00000141837	False	True
ENSG00000187608	False	True
ENSG00000110880	False	True
ENSG00000141543	False	True
ENSG00000076928	False	True
ENSG00000175470	False	True
ENSG00000179348	True	True
ENSG00000133961	False	True
ENSG00000175166	False	True
ENSG00000159251	False	True
ENSG00000168918	False	True
ENSG00000144852	False	True
ENSG00000278458	False	True
ENSG00000066336	False	True
ENSG00000126001	False	True
ENSG00000154839	False	True
ENSG00000008056	False	True
ENSG00000049759	False	True
ENSG00000099204	False	True
ENSG00000149428	False	True
ENSG00000172936	True	True
ENSG00000037280	True	True
ENSG00000042832	True	True
ENSG00000257923	True	True
ENSG00000116830	False	True
ENSG00000101336	False	True
ENSG00000130177	False	True
ENSG00000109062	False	True
ENSG00000137275	False	True
ENSG00000284984	False	True
ENSG00000023734	False	True
ENSG00000171988	False	True
ENSG00000168646	True	True
ENSG00000113532	False	True
ENSG00000106789	False	True
ENSG00000166225	False	True
ENSG00000284832	False	True
ENSG00000213024	False	True
ENSG00000262993	False	True
ENSG00000101972	True	True
ENSG00000114742	False	True
ENSG00000172915	True	True
ENSG00000116016	True	True
ENSG00000123388	True	True
ENSG00000147548	True	True
ENSG00000015171	False	True
ENSG00000136811	False	True
ENSG00000154342	False	True
ENSG00000009335	False	True
ENSG00000095787	False	True
ENSG00000095794	False	True
ENSG00000127329	True	True
ENSG00000058335	False	True
ENSG00000162607	False	True
ENSG00000132958	False	True
ENSG00000108094	False	True
ENSG00000173110	False	True
ENSG00000100811	False	True
ENSG00000163468	False	True
ENSG00000130382	True	True
ENSG00000137752	False	True
ENSG00000066933	False	True
ENSG00000176658	False	True
ENSG00000132938	False	True
ENSG00000157985	False	True
ENSG00000129566	False	True
ENSG00000077549	False	True
ENSG00000080839	False	True
ENSG00000076604	False	True
ENSG00000100852	True	True
ENSG00000188229	False	True
ENSG00000175899	False	True
ENSG00000076984	False	True
ENSG00000048649	False	True
ENSG00000278259	False	True
ENSG00000154556	True	True
ENSG00000167996	False	True
ENSG00000104881	False	True
ENSG00000147099	False	True
ENSG00000102038	False	True
ENSG00000101849	False	True
ENSG00000102893	False	True
ENSG00000186174	True	True
ENSG00000166313	False	True
ENSG00000069248	False	True
ENSG00000128714	True	True
ENSG00000153317	False	True
ENSG00000149177	False	True
ENSG00000178573	True	True
ENSG00000183072	False	True
ENSG00000146426	False	True
ENSG00000087258	False	True
ENSG00000113810	False	True
ENSG00000157227	True	True
ENSG00000158560	False	True
ENSG00000182511	True	True
ENSG00000174371	False	True
ENSG00000179841	False	True
ENSG00000163235	True	True
ENSG00000157557	False	True
ENSG00000049541	False	True
ENSG00000197769	False	True
ENSG00000174579	False	True
ENSG00000113645	False	True
ENSG00000139718	True	True
ENSG00000115884	False	True
ENSG00000185787	False	True
ENSG00000066136	False	True
ENSG00000119522	False	True
ENSG00000116698	False	True
ENSG00000156475	False	True
ENSG00000131437	False	True
ENSG00000185650	False	True
ENSG00000144824	False	True
ENSG00000101224	False	True
ENSG00000042781	False	True
ENSG00000197063	False	True
ENSG00000105722	False	True
ENSG00000170832	False	True
ENSG00000033030	True	True
ENSG00000282947	False	True
ENSG00000072401	False	True
ENSG00000270647	True	True
ENSG00000092199	False	True
ENSG00000062822	True	True
ENSG00000078043	False	True
ENSG00000055332	False	True
ENSG00000143190	False	True
ENSG00000128512	False	True
ENSG00000114026	True	True
ENSG00000133216	False	True
ENSG00000130024	False	True
ENSG00000174804	False	True
ENSG00000115085	False	True
ENSG00000107560	False	True
ENSG00000179218	True	True
ENSG00000130254	False	True
ENSG00000197123	False	True
ENSG00000138180	False	True
ENSG00000138592	True	True
ENSG00000138032	False	True
ENSG00000104237	False	True
ENSG00000276618	True	True
ENSG00000116641	False	True
ENSG00000182621	False	True
ENSG00000118007	True	True
ENSG00000096060	False	True
ENSG00000116285	False	True
ENSG00000116489	False	True
ENSG00000102760	False	True
ENSG00000147403	True	True
ENSG00000107263	False	True
ENSG00000282956	False	True
ENSG00000119596	False	True
ENSG00000165731	True	True
ENSG00000074800	False	True
ENSG00000132002	True	True
ENSG00000164438	True	True
ENSG00000169252	False	True
ENSG00000213928	False	True
ENSG00000111799	False	True
ENSG00000002330	True	True
ENSG00000198053	True	True
ENSG00000138835	False	True
	False	True
ENSG00000197111	False	True
ENSG00000105137	False	True
ENSG00000091513	False	True
ENSG00000149575	False	True
ENSG00000225589	False	True
ENSG00000007968	False	True
ENSG00000163743	False	True
ENSG00000284901	False	True
ENSG00000087088	True	True
ENSG00000090273	False	True
ENSG00000134852	False	True
ENSG00000127152	True	True
ENSG00000122966	False	True
ENSG00000113249	False	True
ENSG00000186469	False	True
ENSG00000094804	False	True
ENSG00000106399	False	True
ENSG00000171206	False	True
ENSG00000077044	False	True
ENSG00000121671	False	True
ENSG00000281877	False	True
	False	True
ENSG00000090615	False	True
ENSG00000112096	True	True
ENSG00000084234	False	True
ENSG00000197535	True	True
ENSG00000140992	False	True
ENSG00000082397	False	True
ENSG00000123364	True	True
ENSG00000131095	False	True
ENSG00000023445	True	True
ENSG00000129993	True	True
ENSG00000285460	False	True
ENSG00000129204	True	True
ENSG00000198223	False	True
ENSG00000085978	False	True
ENSG00000074181	False	True
ENSG00000169067	False	True
ENSG00000186847	False	True
ENSG00000141905	False	True
ENSG00000106546	False	True
ENSG00000137265	True	True
ENSG00000167900	False	True
ENSG00000198625	True	True
ENSG00000157106	False	True
ENSG00000135837	False	True
ENSG00000027869	False	True
ENSG00000139372	False	True
ENSG00000049246	False	True
ENSG00000204103	True	True
ENSG00000067066	False	True
ENSG00000104419	True	True
ENSG00000143499	False	True
ENSG00000081189	False	True
ENSG00000149534	False	True
ENSG00000187239	True	True
ENSG00000180318	False	True
ENSG00000138411	False	True
ENSG00000187266	False	True
ENSG00000112242	False	True
ENSG00000139679	False	True
ENSG00000038382	False	True
ENSG00000186487	False	True
ENSG00000112237	True	True
ENSG00000181788	False	True
ENSG00000164050	False	True
ENSG00000166848	False	True
ENSG00000101460	False	True
ENSG00000105287	False	True
ENSG00000157483	False	True
ENSG00000101213	True	True
ENSG00000153044	False	True
ENSG00000231370	False	True
ENSG00000152822	False	True
ENSG00000167081	False	True
ENSG00000088305	True	True
ENSG00000005483	False	True
ENSG00000166266	False	True
ENSG00000187240	False	True
ENSG00000163539	False	True
ENSG00000074319	False	True
ENSG00000105639	True	True
ENSG00000120156	False	True
ENSG00000087338	False	True
ENSG00000126778	True	True
ENSG00000013374	False	True
ENSG00000112033	False	True
ENSG00000113319	False	True
ENSG00000185122	False	True
ENSG00000078053	False	True
ENSG00000173898	False	True
ENSG00000127191	False	True
ENSG00000175063	False	True
ENSG00000198087	False	True
ENSG00000285262	False	True
ENSG00000146678	True	True
ENSG00000113649	False	True
ENSG00000167491	False	True
ENSG00000073756	True	True
ENSG00000101752	False	True
ENSG00000184216	False	True
ENSG00000122257	False	True
ENSG00000144674	False	True
ENSG00000281758	False	True
ENSG00000176619	False	True
ENSG00000112039	True	True
ENSG00000100625	False	True
ENSG00000198952	False	True
ENSG00000017797	False	True
ENSG00000100823	True	True
ENSG00000166886	True	True
ENSG00000089177	False	True
ENSG00000100453	False	True
ENSG00000150394	False	True
ENSG00000173757	True	True
ENSG00000165887	False	True
ENSG00000141644	False	True
ENSG00000142599	False	True
ENSG00000276146	False	True
ENSG00000177084	True	True
ENSG00000119535	True	True
ENSG00000006453	False	True
ENSG00000172238	False	True
ENSG00000013364	False	True
ENSG00000115461	False	True
ENSG00000185920	True	True
ENSG00000169031	False	True
ENSG00000188747	False	True
ENSG00000006712	False	True
ENSG00000126934	True	True
ENSG00000113494	False	True
ENSG00000125538	True	True
ENSG00000126603	False	True
ENSG00000122025	True	True
ENSG00000140682	False	True
ENSG00000163349	False	True
ENSG00000133169	False	True
ENSG00000105127	False	True
ENSG00000288283	False	True
ENSG00000186111	False	True
ENSG00000183207	False	True
ENSG00000135930	False	True
ENSG00000170734	False	True
ENSG00000177425	False	True
ENSG00000150630	True	True
ENSG00000128833	False	True
ENSG00000080603	False	True
ENSG00000125266	False	True
ENSG00000134323	True	True
	False	True
ENSG00000130779	True	True
ENSG00000146425	False	True
ENSG00000274081	False	True
ENSG00000087074	False	True
ENSG00000105329	True	True
ENSG00000169813	False	True
ENSG00000092067	False	True
ENSG00000120837	False	True
ENSG00000001167	False	True
ENSG00000125347	False	True
ENSG00000170608	False	True
ENSG00000152818	False	True
ENSG00000115325	False	True
ENSG00000100726	False	True
ENSG00000073350	False	True
ENSG00000073578	True	True
ENSG00000183091	False	True
ENSG00000115234	False	True
ENSG00000084674	False	True
ENSG00000215021	False	True
ENSG00000285152	False	True
ENSG00000147044	False	True
ENSG00000184402	True	True
ENSG00000174013	False	True
ENSG00000288210	False	True
ENSG00000102158	False	True
ENSG00000130340	False	True
ENSG00000213906	False	True
ENSG00000198752	False	True
ENSG00000004975	False	True
ENSG00000162852	False	True
ENSG00000075292	False	True
ENSG00000180138	False	True
ENSG00000007312	True	True
ENSG00000188021	False	True
ENSG00000128604	False	True
ENSG00000185515	False	True
ENSG00000132793	False	True
ENSG00000183337	True	True
ENSG00000104738	False	True
ENSG00000169554	False	True
ENSG00000151655	False	True
ENSG00000111640	False	True
ENSG00000057294	False	True
ENSG00000148795	True	True
ENSG00000134532	False	True
ENSG00000160584	False	True
ENSG00000134369	False	True
ENSG00000166004	False	True
ENSG00000156697	False	True
ENSG00000139687	True	True
ENSG00000163132	False	True
ENSG00000168014	False	True
ENSG00000091656	False	True
ENSG00000183161	True	True
ENSG00000175305	False	True
ENSG00000160255	False	True
ENSG00000136436	False	True
ENSG00000092529	False	True
ENSG00000154928	False	True
ENSG00000089234	False	True
ENSG00000143375	False	True
ENSG00000137267	False	True
ENSG00000006125	False	True
ENSG00000012061	True	True
ENSG00000139083	True	True
ENSG00000164045	False	True
ENSG00000155561	False	True
ENSG00000165806	False	True
ENSG00000076108	False	True
ENSG00000163399	True	True
ENSG00000281320	False	True
ENSG00000145391	False	True
ENSG00000206493	False	True
ENSG00000145216	True	True
ENSG00000099995	False	True
ENSG00000135636	False	True
ENSG00000143322	True	True
ENSG00000119689	False	True
ENSG00000116711	False	True
ENSG00000164078	True	True
ENSG00000184507	True	True
ENSG00000232575	False	True
ENSG00000142864	False	True
ENSG00000169727	False	True
	False	True
ENSG00000043591	False	True
ENSG00000085832	True	True
ENSG00000163565	False	True
ENSG00000149636	False	True
ENSG00000198604	True	True
ENSG00000123562	False	True
ENSG00000178028	False	True
ENSG00000096063	False	True
ENSG00000125753	False	True
ENSG00000136931	False	True
ENSG00000143776	False	True
ENSG00000100280	False	True
ENSG00000184557	False	True
ENSG00000173846	False	True
ENSG00000106536	False	True
ENSG00000148384	False	True
ENSG00000078269	False	True
ENSG00000163161	True	True
ENSG00000183434	False	True
ENSG00000133818	False	True
ENSG00000111676	False	True
ENSG00000238134	False	True
	False	True
ENSG00000146414	False	True
ENSG00000069399	True	True
ENSG00000118495	False	True
ENSG00000081386	False	True
ENSG00000035862	False	True
ENSG00000146232	True	True
ENSG00000105662	True	True
ENSG00000115942	False	True
ENSG00000138741	False	True
ENSG00000176302	True	True
ENSG00000067715	False	True
ENSG00000170166	False	True
ENSG00000284571	False	True
ENSG00000178966	False	True
ENSG00000166025	False	True
ENSG00000123080	True	True
ENSG00000181090	False	True
ENSG00000135365	False	True
ENSG00000100442	False	True
ENSG00000145335	False	True
ENSG00000184481	True	True
ENSG00000167460	True	True
ENSG00000065618	False	True
ENSG00000129315	False	True
ENSG00000120063	False	True
ENSG00000100368	False	True
ENSG00000187323	True	True
ENSG00000167553	False	True
ENSG00000092841	False	True
ENSG00000135111	True	True
ENSG00000137764	False	True
ENSG00000078699	False	True
ENSG00000078369	False	True
ENSG00000146731	False	True
ENSG00000092203	False	True
ENSG00000073921	True	True
ENSG00000129250	False	True
ENSG00000077935	False	True
ENSG00000167085	False	True
ENSG00000168710	False	True
ENSG00000134571	False	True
ENSG00000010610	False	True
ENSG00000165168	False	True
ENSG00000276194	False	True
ENSG00000105464	False	True
ENSG00000106144	False	True
ENSG00000133119	False	True
ENSG00000260548	True	True
ENSG00000038358	False	True
ENSG00000182107	False	True
ENSG00000172403	False	True
ENSG00000175595	True	True
ENSG00000071051	False	True
ENSG00000168556	False	True
ENSG00000137845	False	True
ENSG00000147130	True	True
ENSG00000102908	False	True
ENSG00000112531	True	True
ENSG00000067704	False	True
ENSG00000143614	False	True
ENSG00000135046	False	True
ENSG00000046774	False	True
ENSG00000080031	True	True
ENSG00000142875	False	True
ENSG00000169689	False	True
ENSG00000163435	True	True
ENSG00000273859	False	True
ENSG00000047932	True	True
ENSG00000100485	False	True
ENSG00000113594	True	True
ENSG00000173482	False	True
ENSG00000078018	False	True
ENSG00000154237	False	True
ENSG00000095637	False	True
	False	True
ENSG00000090686	False	True
ENSG00000115947	False	True
ENSG00000102606	False	True
ENSG00000076382	False	True
ENSG00000101868	False	True
ENSG00000168066	False	True
ENSG00000058085	False	True
ENSG00000119866	True	True
ENSG00000151702	True	True
ENSG00000008405	False	True
ENSG00000131236	False	True
ENSG00000112877	False	True
ENSG00000140600	False	True
ENSG00000158290	False	True
ENSG00000170035	False	True
ENSG00000125450	False	True
ENSG00000072201	False	True
ENSG00000171824	False	True
ENSG00000198945	False	True
ENSG00000007372	False	True
ENSG00000116161	False	True
ENSG00000104695	False	True
ENSG00000064300	False	True
ENSG00000139842	False	True
ENSG00000206435	False	True
ENSG00000137411	False	True
ENSG00000198730	False	True
ENSG00000170653	False	True
ENSG00000116128	True	True
ENSG00000239672	True	True
ENSG00000076003	False	True
ENSG00000152104	False	True
ENSG00000104368	False	True
ENSG00000185963	False	True
ENSG00000149557	False	True
ENSG00000167522	False	True
ENSG00000043093	False	True
ENSG00000140262	True	True
ENSG00000170276	False	True
ENSG00000163466	False	True
ENSG00000162664	False	True
ENSG00000112576	True	True
ENSG00000060339	False	True
ENSG00000100105	True	True
ENSG00000127824	False	True
ENSG00000134817	False	True
ENSG00000005007	False	True
ENSG00000149308	False	True
ENSG00000025434	False	True
ENSG00000123240	False	True
ENSG00000188878	False	True
ENSG00000134121	False	True
ENSG00000120868	False	True
ENSG00000184384	True	True
ENSG00000109193	False	True
ENSG00000169439	False	True
ENSG00000166484	False	True
ENSG00000143365	False	True
ENSG00000105698	False	True
ENSG00000139116	False	True
ENSG00000163166	False	True
ENSG00000180370	False	True
ENSG00000127483	False	True
ENSG00000253293	False	True
ENSG00000148053	False	True
ENSG00000106278	False	True
ENSG00000158859	False	True
ENSG00000169877	False	True
ENSG00000198959	False	True
ENSG00000137601	False	True
ENSG00000132688	False	True
ENSG00000161638	False	True
ENSG00000142675	False	True
ENSG00000131473	False	True
ENSG00000027075	False	True
ENSG00000049130	False	True
ENSG00000115687	False	True
ENSG00000015475	False	True
ENSG00000205339	False	True
ENSG00000183873	False	True
ENSG00000100842	False	True
ENSG00000171608	False	True
ENSG00000187672	False	True
ENSG00000137834	False	True
ENSG00000174744	True	True
ENSG00000168040	False	True
ENSG00000055163	False	True
ENSG00000065057	True	True
ENSG00000150760	False	True
ENSG00000183023	False	True
ENSG00000205927	True	True
ENSG00000135903	True	True
ENSG00000078140	False	True
ENSG00000116754	False	True
ENSG00000134215	False	True
ENSG00000111653	False	True
ENSG00000163960	False	True
ENSG00000005156	False	True
ENSG00000137962	False	True
ENSG00000040731	True	True
ENSG00000086015	False	True
ENSG00000172179	True	True
ENSG00000141298	False	True
ENSG00000173120	False	True
ENSG00000122194	False	True
ENSG00000061676	False	True
ENSG00000197587	False	True
ENSG00000119638	False	True
ENSG00000067225	False	True
	False	True
ENSG00000087365	False	True
ENSG00000147883	False	True
ENSG00000134072	False	True
ENSG00000006468	True	True
ENSG00000198719	False	True
ENSG00000114279	False	True
ENSG00000116455	False	True
ENSG00000136504	True	True
ENSG00000142583	False	True
ENSG00000135387	False	True
ENSG00000044446	False	True
ENSG00000053900	False	True
ENSG00000100591	False	True
ENSG00000081052	False	True
ENSG00000043462	False	True
ENSG00000123143	False	True
ENSG00000103540	False	True
ENSG00000105971	False	True
ENSG00000138756	False	True
ENSG00000144635	False	True
ENSG00000095951	False	True
ENSG00000084463	False	True
ENSG00000169016	False	True
ENSG00000099817	True	True
ENSG00000065717	False	True
ENSG00000132109	False	True
ENSG00000110777	True	True
ENSG00000136717	False	True
ENSG00000008196	False	True
ENSG00000156925	False	True
ENSG00000087274	False	True
ENSG00000121966	True	True
ENSG00000177954	False	True
ENSG00000138802	False	True
ENSG00000123095	False	True
ENSG00000044090	False	True
ENSG00000119042	False	True
ENSG00000149970	False	True
ENSG00000175895	False	True
ENSG00000105357	False	True
ENSG00000124507	False	True
ENSG00000109846	False	True
ENSG00000197265	False	True
ENSG00000133740	False	True
ENSG00000150459	False	True
ENSG00000154920	False	True
ENSG00000087077	False	True
ENSG00000144021	False	True
ENSG00000120647	False	True
ENSG00000128016	False	True
ENSG00000047849	False	True
ENSG00000107890	False	True
ENSG00000169641	False	True
ENSG00000070759	False	True
ENSG00000176986	False	True
ENSG00000130203	False	True
ENSG00000079819	False	True
ENSG00000018408	True	True
ENSG00000183735	False	True
ENSG00000073861	False	True
ENSG00000155827	False	True
ENSG00000151320	False	True
ENSG00000137177	False	True
ENSG00000104936	False	True
ENSG00000138193	False	True
ENSG00000130935	False	True
ENSG00000136636	False	True
ENSG00000079277	False	True
ENSG00000135363	True	True
ENSG00000138594	False	True
ENSG00000198689	False	True
ENSG00000111530	False	True
ENSG00000231377	False	True
ENSG00000150593	False	True
ENSG00000108797	False	True
ENSG00000150455	False	True
ENSG00000070886	False	True
ENSG00000157077	False	True
ENSG00000131558	False	True
ENSG00000105723	False	True
ENSG00000154473	False	True
ENSG00000104313	False	True
ENSG00000164741	False	True
ENSG00000151967	False	True
ENSG00000213672	True	True
ENSG00000151414	False	True
ENSG00000233948	True	True
ENSG00000185761	False	True
ENSG00000166170	False	True
ENSG00000060138	False	True
ENSG00000152467	False	True
ENSG00000112640	False	True
ENSG00000258890	False	True
ENSG00000105290	False	True
ENSG00000135486	False	True
ENSG00000105610	False	True
ENSG00000136448	False	True
ENSG00000130956	False	True
ENSG00000206505	True	True
ENSG00000163220	False	True
ENSG00000078403	True	True
ENSG00000179526	False	True
ENSG00000283780	False	True
ENSG00000198231	False	True
ENSG00000198517	False	True
ENSG00000165533	False	True
ENSG00000063245	False	True
ENSG00000140044	False	True
ENSG00000186395	False	True
ENSG00000118777	True	True
ENSG00000109171	False	True
ENSG00000141030	False	True
ENSG00000131408	False	True
ENSG00000231321	False	True
ENSG00000157110	False	True
ENSG00000162676	False	True
ENSG00000186832	False	True
ENSG00000066044	False	True
ENSG00000011465	False	True
ENSG00000056558	False	True
ENSG00000280618	False	True
ENSG00000160271	True	True
ENSG00000100448	False	True
ENSG00000171992	False	True
ENSG00000155511	False	True
ENSG00000185046	False	True
ENSG00000078177	True	True
ENSG00000088179	False	True
ENSG00000163867	False	True
ENSG00000196911	False	True
ENSG00000182636	False	True
ENSG00000140022	False	True
ENSG00000105880	False	True
ENSG00000173517	False	True
ENSG00000177485	False	True
ENSG00000140538	True	True
ENSG00000172732	False	True
ENSG00000121057	False	True
ENSG00000166200	False	True
ENSG00000150764	False	True
ENSG00000106615	False	True
ENSG00000100836	False	True
ENSG00000167034	True	True
ENSG00000163902	True	True
ENSG00000115484	False	True
ENSG00000077380	False	True
ENSG00000232960	False	True
ENSG00000130592	False	True
ENSG00000113658	False	True
ENSG00000171621	False	True
ENSG00000179335	False	True
ENSG00000198795	True	True
ENSG00000032219	False	True
ENSG00000132530	False	True
ENSG00000178950	False	True
ENSG00000262860	True	True
ENSG00000020426	False	True
ENSG00000130997	False	True
ENSG00000108375	True	True
ENSG00000120616	False	True
ENSG00000142867	True	True
ENSG00000269858	False	True
ENSG00000182901	True	True
ENSG00000177595	False	True
ENSG00000164190	False	True
ENSG00000003402	False	True
ENSG00000113595	False	True
ENSG00000179772	False	True
ENSG00000278741	False	True
ENSG00000170633	False	True
ENSG00000101109	False	True
ENSG00000205542	False	True
ENSG00000140937	True	True
ENSG00000281766	False	True
ENSG00000280165	False	True
ENSG00000127328	False	True
ENSG00000179151	False	True
ENSG00000114988	False	True
ENSG00000129422	False	True
ENSG00000169926	False	True
ENSG00000143379	False	True
ENSG00000274429	False	True
ENSG00000116106	False	True
ENSG00000011304	False	True
ENSG00000168522	False	True
ENSG00000120690	False	True
ENSG00000166477	False	True
ENSG00000198822	True	True
ENSG00000181472	False	True
ENSG00000135336	False	True
ENSG00000115738	False	True
ENSG00000275023	True	True
ENSG00000149269	False	True
ENSG00000113555	False	True
ENSG00000009307	False	True
ENSG00000116990	True	True
ENSG00000120800	False	True
ENSG00000139515	False	True
ENSG00000127528	False	True
ENSG00000134762	False	True
ENSG00000198851	False	True
ENSG00000176749	False	True
ENSG00000142949	False	True
ENSG00000132334	False	True
ENSG00000179562	False	True
ENSG00000138095	False	True
ENSG00000064490	False	True
ENSG00000285248	False	True
ENSG00000153944	True	True
ENSG00000158517	False	True
ENSG00000175220	False	True
ENSG00000025293	False	True
ENSG00000149532	False	True
ENSG00000075702	False	True
ENSG00000160460	False	True
ENSG00000152455	False	True
ENSG00000205755	True	True
ENSG00000084112	False	True
ENSG00000143947	False	True
ENSG00000115183	False	True
ENSG00000120733	False	True
ENSG00000170421	False	True
ENSG00000091106	False	True
ENSG00000165409	True	True
ENSG00000280759	False	True
ENSG00000002016	False	True
ENSG00000166349	False	True
ENSG00000072736	False	True
ENSG00000170948	False	True
ENSG00000272031	False	True
ENSG00000100813	False	True
ENSG00000088247	False	True
ENSG00000152495	False	True
ENSG00000187109	False	True
ENSG00000120149	False	True
ENSG00000205213	False	True
ENSG00000115750	False	True
ENSG00000188488	False	True
ENSG00000118785	True	True
ENSG00000155833	False	True
ENSG00000274780	False	True
ENSG00000198707	False	True
ENSG00000008441	False	True
ENSG00000153233	False	True
ENSG00000133107	False	True
ENSG00000065883	False	True
ENSG00000102245	False	True
ENSG00000115548	True	True
ENSG00000133121	False	True
ENSG00000151466	False	True
ENSG00000051523	False	True
ENSG00000170037	False	True
ENSG00000065054	False	True
ENSG00000120253	False	True
ENSG00000282905	False	True
ENSG00000140553	False	True
ENSG00000165238	True	True
ENSG00000107077	False	True
ENSG00000179051	False	True
ENSG00000101457	False	True
ENSG00000196782	False	True
ENSG00000117122	False	True
ENSG00000109072	False	True
ENSG00000185624	False	True
	False	True
ENSG00000131778	False	True
ENSG00000158186	False	True
ENSG00000152944	False	True
ENSG00000128595	False	True
ENSG00000164867	True	True
ENSG00000128886	False	True
ENSG00000197170	False	True
ENSG00000047579	False	True
ENSG00000143995	False	True
ENSG00000130827	False	True
ENSG00000138685	True	True
ENSG00000129991	False	True
ENSG00000145506	True	True
ENSG00000198901	False	True
ENSG00000112029	False	True
ENSG00000163956	False	True
ENSG00000134453	False	True
ENSG00000164105	False	True
ENSG00000010818	False	True
ENSG00000275796	False	True
ENSG00000188986	False	True
ENSG00000048828	False	True
ENSG00000163694	False	True
ENSG00000065675	False	True
ENSG00000114354	True	True
ENSG00000108511	False	True
ENSG00000183914	False	True
ENSG00000108262	False	True
ENSG00000174437	False	True
ENSG00000154548	False	True
ENSG00000154277	False	True
ENSG00000135476	False	True
ENSG00000079257	False	True
ENSG00000171302	True	True
ENSG00000171148	False	True
ENSG00000092621	False	True
ENSG00000114270	False	True
ENSG00000184900	False	True
ENSG00000100721	True	True
ENSG00000231115	False	True
ENSG00000139218	False	True
ENSG00000185008	True	True
ENSG00000147526	False	True
ENSG00000206172	False	True
ENSG00000141503	False	True
ENSG00000136021	False	True
ENSG00000124207	False	True
ENSG00000107165	False	True
ENSG00000000938	False	True
ENSG00000109101	False	True
ENSG00000138764	False	True
ENSG00000158748	False	True
ENSG00000075151	False	True
ENSG00000006788	False	True
ENSG00000172572	False	True
ENSG00000004700	False	True
ENSG00000163599	False	True
ENSG00000067082	True	True
ENSG00000090339	False	True
ENSG00000153956	False	True
ENSG00000221914	False	True
ENSG00000162747	False	True
ENSG00000164379	False	True
ENSG00000011405	False	True
ENSG00000132141	False	True
ENSG00000155760	False	True
ENSG00000110768	False	True
ENSG00000095585	False	True
ENSG00000101144	False	True
ENSG00000114698	False	True
ENSG00000139351	False	True
ENSG00000092054	False	True
ENSG00000174373	False	True
ENSG00000162614	False	True
ENSG00000106683	False	True
ENSG00000113368	False	True
ENSG00000081377	False	True
ENSG00000178188	False	True
ENSG00000138119	False	True
ENSG00000070770	False	True
ENSG00000161681	False	True
ENSG00000062725	False	True
ENSG00000134508	False	True
ENSG00000137504	False	True
ENSG00000162711	False	True
ENSG00000130762	False	True
ENSG00000283068	False	True
ENSG00000175567	False	True
ENSG00000116254	False	True
ENSG00000198598	False	True
ENSG00000070808	False	True
ENSG00000188536	False	True
ENSG00000092853	False	True
ENSG00000135164	False	True
ENSG00000101017	False	True
ENSG00000146670	False	True
ENSG00000120471	False	True
ENSG00000138834	False	True
ENSG00000156802	False	True
ENSG00000108786	False	True
ENSG00000151322	False	True
ENSG00000276613	True	True
ENSG00000142515	True	True
ENSG00000166165	True	True
ENSG00000051341	True	True
ENSG00000148308	False	True
ENSG00000170515	False	True
ENSG00000145147	False	True
ENSG00000166963	False	True
ENSG00000168564	False	True
ENSG00000198554	False	True
ENSG00000147257	True	True
ENSG00000183230	False	True
ENSG00000175643	True	True
ENSG00000173894	False	True
ENSG00000112130	False	True
ENSG00000133135	False	True
ENSG00000030110	False	True
ENSG00000089250	False	True
ENSG00000231555	False	True
ENSG00000102935	False	True
ENSG00000134690	False	True
ENSG00000198431	False	True
ENSG00000133884	False	True
ENSG00000007047	False	True
ENSG00000110330	False	True
ENSG00000164330	True	True
ENSG00000138688	False	True
ENSG00000169967	False	True
ENSG00000132792	False	True
ENSG00000102098	False	True
ENSG00000068745	False	True
ENSG00000176890	True	True
ENSG00000104892	False	True
ENSG00000021826	False	True
ENSG00000158417	False	True
ENSG00000092330	False	True
ENSG00000189091	False	True
ENSG00000007908	False	True
ENSG00000185658	False	True
	False	True
ENSG00000160791	False	True
ENSG00000072609	False	True
ENSG00000091592	False	True
ENSG00000198947	False	True
ENSG00000230797	False	True
ENSG00000143801	False	True
ENSG00000137672	False	True
ENSG00000080986	False	True
ENSG00000109674	False	True
ENSG00000124171	False	True
ENSG00000160007	False	True
ENSG00000153107	False	True
ENSG00000144476	True	True
ENSG00000197548	False	True
ENSG00000108468	False	True
ENSG00000159259	False	True
ENSG00000161202	False	True
ENSG00000156711	False	True
ENSG00000197971	False	True
ENSG00000131711	False	True
ENSG00000156261	False	True
ENSG00000039560	False	True
ENSG00000143878	False	True
ENSG00000137440	False	True
ENSG00000178538	False	True
ENSG00000170542	False	True
ENSG00000178078	False	True
ENSG00000028137	False	True
ENSG00000125414	False	True
ENSG00000186766	False	True
ENSG00000101811	False	True
ENSG00000129071	False	True
ENSG00000137171	False	True
ENSG00000169118	False	True
ENSG00000135744	False	True
ENSG00000165416	False	True
ENSG00000076864	False	True
ENSG00000066027	False	True
ENSG00000109805	False	True
ENSG00000173156	False	True
ENSG00000135766	False	True
ENSG00000134900	False	True
ENSG00000042753	False	True
ENSG00000112701	False	True
ENSG00000070087	False	True
ENSG00000170759	True	True
ENSG00000007866	False	True
ENSG00000163904	False	True
ENSG00000115290	False	True
ENSG00000114251	False	True
ENSG00000110031	False	True
ENSG00000101680	False	True
ENSG00000138798	True	True
ENSG00000072682	False	True
ENSG00000075275	False	True
ENSG00000165495	False	True
ENSG00000157741	False	True
ENSG00000129221	False	True
ENSG00000120694	False	True
ENSG00000196465	False	True
ENSG00000109685	True	True
ENSG00000115808	True	True
ENSG00000105679	False	True
ENSG00000087494	True	True
ENSG00000117724	False	True
ENSG00000124356	False	True
ENSG00000168488	False	True
ENSG00000152256	False	True
ENSG00000129465	False	True
ENSG00000070367	False	True
ENSG00000106263	False	True
ENSG00000069667	False	True
ENSG00000117155	False	True
ENSG00000214274	False	True
ENSG00000165527	False	True
ENSG00000123136	False	True
ENSG00000110237	False	True
ENSG00000102981	False	True
ENSG00000089685	False	True
ENSG00000110514	False	True
ENSG00000132693	True	True
ENSG00000133639	True	True
ENSG00000126838	False	True
ENSG00000159140	False	True
ENSG00000018236	False	True
ENSG00000154370	False	True
ENSG00000086827	False	True
ENSG00000185567	False	True
ENSG00000102977	False	True
ENSG00000101966	True	True
ENSG00000137720	False	True
ENSG00000166689	False	True
ENSG00000176014	False	True
ENSG00000123159	False	True
ENSG00000283868	False	True
ENSG00000134769	False	True
ENSG00000017427	True	True
ENSG00000172175	True	True
ENSG00000182628	False	True
ENSG00000154133	False	True
ENSG00000078808	False	True
ENSG00000095564	False	True
ENSG00000070814	False	True
ENSG00000167306	False	True
ENSG00000135870	False	True
ENSG00000115685	False	True
ENSG00000146950	False	True
ENSG00000131051	False	True
ENSG00000188822	False	True
ENSG00000165943	False	True
ENSG00000153094	False	True
ENSG00000273594	False	True
ENSG00000116833	False	True
ENSG00000185247	False	True
ENSG00000162511	False	True
ENSG00000185551	False	True
ENSG00000100968	False	True
ENSG00000102317	False	True
ENSG00000116141	False	True
ENSG00000108106	False	True
ENSG00000050344	False	True
ENSG00000052850	False	True
ENSG00000077235	False	True
	False	True
ENSG00000182504	False	True
ENSG00000123268	True	True
ENSG00000221823	False	True
ENSG00000204104	False	True
ENSG00000160049	False	True
ENSG00000110723	False	True
ENSG00000164916	False	True
ENSG00000083312	False	True
ENSG00000198286	True	True
ENSG00000107968	False	True
ENSG00000128487	True	True
ENSG00000182054	True	True
ENSG00000075618	False	True
ENSG00000125977	False	True
ENSG00000156127	False	True
ENSG00000115594	False	True
ENSG00000100592	False	True
ENSG00000182247	False	True
ENSG00000051825	False	True
ENSG00000097021	False	True
ENSG00000152137	False	True
ENSG00000145632	False	True
ENSG00000077232	False	True
ENSG00000088986	False	True
ENSG00000185670	False	True
ENSG00000133112	False	True
ENSG00000155636	False	True
ENSG00000125503	False	True
ENSG00000198160	False	True
ENSG00000288293	False	True
ENSG00000106976	False	True
ENSG00000108107	False	True
ENSG00000100934	False	True
ENSG00000129675	False	True
ENSG00000107331	False	True
ENSG00000079841	False	True
ENSG00000117090	False	True
ENSG00000005513	False	True
ENSG00000100522	False	True
ENSG00000165632	False	True
ENSG00000135338	False	True
ENSG00000274803	False	True
ENSG00000123685	False	True
ENSG00000204390	False	True
ENSG00000164118	False	True
ENSG00000141519	False	True
ENSG00000105808	False	True
ENSG00000163126	False	True
ENSG00000141738	False	True
ENSG00000105202	False	True
ENSG00000176102	False	True
ENSG00000133055	False	True
ENSG00000111837	False	True
ENSG00000115091	False	True
ENSG00000130559	False	True
ENSG00000168421	True	True
ENSG00000196092	True	True
ENSG00000175455	False	True
ENSG00000108349	False	True
ENSG00000101000	False	True
ENSG00000066777	False	True
ENSG00000260027	False	True
ENSG00000031823	False	True
ENSG00000121481	False	True
ENSG00000103494	False	True
ENSG00000197565	False	True
ENSG00000133422	False	True
ENSG00000132694	False	True
ENSG00000049323	False	True
ENSG00000146872	False	True
ENSG00000160145	False	True
ENSG00000101916	False	True
ENSG00000107679	False	True
ENSG00000144597	False	True
ENSG00000166130	False	True
ENSG00000127663	False	True
ENSG00000008128	False	True
ENSG00000091583	False	True
ENSG00000171848	False	True
ENSG00000276463	False	True
ENSG00000007237	True	True
ENSG00000166947	False	True
ENSG00000187079	False	True
ENSG00000186652	False	True
ENSG00000143126	True	True
ENSG00000109606	False	True
ENSG00000099814	False	True
ENSG00000177103	False	True
ENSG00000133083	False	True
ENSG00000178982	False	True
ENSG00000157020	False	True
ENSG00000170577	True	True
ENSG00000111816	False	True
ENSG00000196642	False	True
ENSG00000126067	False	True
ENSG00000196792	False	True
ENSG00000080345	False	True
ENSG00000107779	True	True
ENSG00000110422	False	True
ENSG00000139567	False	True
ENSG00000174720	False	True
ENSG00000113140	False	True
ENSG00000140463	False	True
ENSG00000185721	False	True
ENSG00000205403	False	True
ENSG00000197157	True	True
ENSG00000169564	True	True
ENSG00000143321	False	True
ENSG00000188191	False	True
ENSG00000135108	False	True
ENSG00000180104	False	True
ENSG00000242441	False	True
ENSG00000138175	False	True
ENSG00000198010	False	True
ENSG00000095139	False	True
ENSG00000033178	False	True
ENSG00000090520	False	True
ENSG00000070371	True	True
ENSG00000008086	False	True
ENSG00000107187	False	True
ENSG00000164114	False	True
ENSG00000087086	False	True
ENSG00000056097	False	True
ENSG00000099821	False	True
ENSG00000162613	True	True
ENSG00000170178	False	True
ENSG00000117650	False	True
ENSG00000099331	False	True
ENSG00000107807	True	True
ENSG00000170677	False	True
ENSG00000065150	False	True
ENSG00000111445	False	True
ENSG00000109132	True	True
ENSG00000091428	False	True
ENSG00000197959	False	True
ENSG00000109332	False	True
ENSG00000198821	False	True
ENSG00000101057	False	True
ENSG00000109686	False	True
ENSG00000089225	False	True
ENSG00000162409	False	True
ENSG00000007314	False	True
ENSG00000102804	False	True
ENSG00000116213	False	True
ENSG00000007264	False	True
ENSG00000009709	True	True
ENSG00000125817	False	True
ENSG00000188130	False	True
ENSG00000133020	False	True
	False	True
ENSG00000112983	False	True
ENSG00000106331	False	True
ENSG00000142186	False	True
ENSG00000154447	False	True
ENSG00000198399	False	True
ENSG00000131773	False	True
ENSG00000196083	False	True
ENSG00000198586	False	True
ENSG00000124145	True	True
ENSG00000135439	False	True
ENSG00000133627	False	True
ENSG00000003756	False	True
ENSG00000088325	False	True
ENSG00000075945	False	True
ENSG00000196235	False	True
ENSG00000196878	False	True
ENSG00000114013	False	True
ENSG00000142173	False	True
ENSG00000175073	False	True
ENSG00000179094	True	True
ENSG00000112511	False	True
ENSG00000171016	False	True
ENSG00000047936	True	True
ENSG00000160888	False	True
ENSG00000095066	False	True
ENSG00000137804	False	True
ENSG00000196504	False	True
ENSG00000132522	False	True
ENSG00000149418	False	True
ENSG00000186834	False	True
ENSG00000112561	True	True
ENSG00000183770	True	True
ENSG00000162231	False	True
ENSG00000058453	False	True
ENSG00000150672	False	True
ENSG00000274287	False	True
ENSG00000119203	False	True
ENSG00000095739	False	True
ENSG00000112319	False	True
ENSG00000131263	False	True
ENSG00000166670	False	True
ENSG00000106689	False	True
ENSG00000085117	True	True
ENSG00000099622	False	True
ENSG00000180549	False	True
ENSG00000122862	False	True
ENSG00000174485	False	True
ENSG00000101126	False	True
ENSG00000105063	False	True
ENSG00000188153	False	True
ENSG00000155366	False	True
ENSG00000151239	False	True
ENSG00000147475	False	True
ENSG00000178996	False	True
ENSG00000125447	False	True
ENSG00000154764	False	True
ENSG00000137831	False	True
ENSG00000068323	True	True
ENSG00000106299	False	True
ENSG00000138336	True	True
ENSG00000198910	False	True
ENSG00000105323	False	True
ENSG00000124496	False	True
ENSG00000141198	False	True
ENSG00000172757	False	True
ENSG00000176248	False	True
ENSG00000285501	False	True
ENSG00000188257	False	True
ENSG00000136861	False	True
ENSG00000092871	False	True
ENSG00000187098	True	True
ENSG00000197579	False	True
ENSG00000140465	True	True
ENSG00000173575	True	True
ENSG00000069702	False	True
ENSG00000150753	False	True
ENSG00000111358	False	True
ENSG00000181019	True	True
ENSG00000172465	False	True
ENSG00000105613	False	True
ENSG00000130787	False	True
ENSG00000169621	False	True
ENSG00000196549	True	True
ENSG00000169933	False	True
ENSG00000066135	False	True
ENSG00000163110	False	True
ENSG00000119953	False	True
ENSG00000143369	False	True
ENSG00000049540	True	True
ENSG00000130940	False	True
ENSG00000128709	False	True
ENSG00000126467	False	True
ENSG00000213445	False	True
ENSG00000184922	False	True
ENSG00000116750	False	True
ENSG00000065328	False	True
ENSG00000049449	False	True
ENSG00000108389	False	True
ENSG00000197702	False	True
ENSG00000163453	False	True
ENSG00000173889	False	True
ENSG00000121152	False	True
ENSG00000166974	False	True
ENSG00000159459	False	True
ENSG00000144749	False	True
ENSG00000067842	True	True
ENSG00000143839	False	True
ENSG00000095574	False	True
ENSG00000183813	True	True
ENSG00000144724	False	True
ENSG00000147274	False	True
ENSG00000016082	False	True
ENSG00000148584	True	True
ENSG00000176903	False	True
ENSG00000061455	False	True
ENSG00000125351	False	True
ENSG00000138413	True	True
ENSG00000099822	False	True
ENSG00000151067	False	True
ENSG00000114841	False	True
ENSG00000188786	False	True
ENSG00000280908	False	True
ENSG00000090060	False	True
ENSG00000138378	False	True
ENSG00000136715	False	True
ENSG00000106366	False	True
ENSG00000157765	True	True
ENSG00000136731	False	True
ENSG00000119383	False	True
ENSG00000168702	True	True
ENSG00000138686	False	True
ENSG00000144857	False	True
ENSG00000023191	False	True
ENSG00000163072	False	True
ENSG00000108813	False	True
	False	True
ENSG00000067334	False	True
ENSG00000149930	False	True
ENSG00000168090	False	True
ENSG00000036672	False	True
ENSG00000104408	True	True
ENSG00000117000	False	True
ENSG00000168959	False	True
ENSG00000077312	False	True
ENSG00000170485	False	True
ENSG00000141552	False	True
ENSG00000101040	False	True
ENSG00000138443	False	True
	False	True
ENSG00000277656	False	True
ENSG00000138829	False	True
ENSG00000198753	False	True
ENSG00000122877	False	True
ENSG00000132970	False	True
ENSG00000108557	False	True
ENSG00000134109	True	True
ENSG00000121653	False	True
ENSG00000182473	False	True
ENSG00000121058	False	True
ENSG00000102572	False	True
ENSG00000149380	False	True
ENSG00000130119	False	True
ENSG00000164093	False	True
ENSG00000116017	False	True
ENSG00000136156	False	True
ENSG00000166454	False	True
ENSG00000125968	True	True
ENSG00000127946	True	True
ENSG00000133019	False	True
ENSG00000177302	False	True
ENSG00000085563	True	True
ENSG00000175334	False	True
ENSG00000236149	False	True
ENSG00000112685	False	True
ENSG00000164815	False	True
ENSG00000187164	True	True
ENSG00000133878	False	True
ENSG00000266412	True	True
ENSG00000160293	False	True
ENSG00000145247	False	True
ENSG00000114554	False	True
ENSG00000102699	False	True
ENSG00000147862	True	True
ENSG00000006652	False	True
ENSG00000174483	False	True
	False	True
ENSG00000085185	True	True
ENSG00000196526	False	True
ENSG00000116251	True	True
ENSG00000156787	False	True
ENSG00000136231	False	True
ENSG00000160999	False	True
ENSG00000173163	False	True
ENSG00000149133	False	True
ENSG00000142166	False	True
ENSG00000127311	False	True
ENSG00000149925	False	True
ENSG00000153187	False	True
ENSG00000167880	False	True
ENSG00000116678	False	True
ENSG00000109061	False	True
ENSG00000166971	False	True
ENSG00000115275	False	True
ENSG00000159082	False	True
ENSG00000147649	False	True
ENSG00000152556	False	True
	False	True
ENSG00000172943	False	True
ENSG00000137166	False	True
ENSG00000136244	True	True
ENSG00000103723	False	True
ENSG00000164440	False	True
ENSG00000116544	False	True
ENSG00000170325	False	True
ENSG00000283060	True	True
ENSG00000100902	False	True
ENSG00000163359	False	True
ENSG00000179262	False	True
ENSG00000184708	False	True
ENSG00000136938	False	True
ENSG00000123411	False	True
	False	True
ENSG00000225830	False	True
ENSG00000119729	False	True
ENSG00000051382	True	True
	False	True
ENSG00000166197	False	True
ENSG00000073792	True	True
ENSG00000119326	False	True
ENSG00000105447	False	True
ENSG00000168092	True	True
ENSG00000163348	False	True
ENSG00000135723	False	True
ENSG00000163531	False	True
ENSG00000112282	False	True
ENSG00000247077	False	True
ENSG00000148411	False	True
ENSG00000176788	False	True
ENSG00000130758	False	True
ENSG00000130939	False	True
ENSG00000185359	False	True
ENSG00000244405	True	True
ENSG00000138669	False	True
ENSG00000102081	False	True
ENSG00000128944	True	True
ENSG00000136158	False	True
ENSG00000130037	False	True
ENSG00000152402	False	True
ENSG00000142178	False	True
ENSG00000105245	False	True
ENSG00000133056	False	True
ENSG00000124882	True	True
ENSG00000115207	False	True
ENSG00000105989	False	True
ENSG00000111275	True	True
ENSG00000077420	False	True
ENSG00000182774	False	True
ENSG00000153046	False	True
ENSG00000002834	True	True
ENSG00000114416	False	True
ENSG00000102034	True	True
ENSG00000168412	False	True
ENSG00000165617	False	True
ENSG00000152684	False	True
ENSG00000117408	False	True
ENSG00000075391	False	True
ENSG00000164080	False	True
ENSG00000128805	False	True
ENSG00000089006	False	True
ENSG00000136709	False	True
ENSG00000136560	False	True
ENSG00000130175	False	True
ENSG00000104218	False	True
ENSG00000028277	False	True
ENSG00000185513	False	True
ENSG00000143442	False	True
ENSG00000061936	False	True
ENSG00000151623	False	True
ENSG00000185532	False	True
ENSG00000168884	False	True
ENSG00000168439	False	True
ENSG00000150768	False	True
ENSG00000151929	False	True
ENSG00000068878	False	True
ENSG00000167601	False	True
ENSG00000011243	False	True
ENSG00000136738	False	True
ENSG00000087303	False	True
ENSG00000100614	False	True
ENSG00000281216	False	True
ENSG00000081138	False	True
ENSG00000065029	False	True
ENSG00000276615	False	True
ENSG00000110693	False	True
ENSG00000124257	False	True
ENSG00000107862	False	True
ENSG00000159023	False	True
ENSG00000134283	False	True
ENSG00000119285	False	True
ENSG00000129214	True	True
ENSG00000108001	False	True
ENSG00000037965	False	True
ENSG00000133937	False	True
ENSG00000104870	False	True
ENSG00000173153	False	True
ENSG00000122406	True	True
ENSG00000136273	False	True
ENSG00000164418	False	True
ENSG00000146918	False	True
ENSG00000101384	False	True
ENSG00000128596	False	True
ENSG00000140829	False	True
ENSG00000160613	False	True
ENSG00000103423	False	True
ENSG00000165646	False	True
ENSG00000110448	False	True
ENSG00000078399	True	True
ENSG00000120833	False	True
ENSG00000186908	False	True
ENSG00000100425	False	True
ENSG00000087460	True	True
ENSG00000160113	False	True
ENSG00000131462	False	True
ENSG00000120948	False	True
ENSG00000143257	False	True
ENSG00000112081	True	True
	False	True
ENSG00000125970	False	True
ENSG00000088930	False	True
ENSG00000156587	False	True
ENSG00000132470	False	True
ENSG00000288335	False	True
ENSG00000171557	False	True
ENSG00000196664	False	True
ENSG00000104490	False	True
ENSG00000005073	True	True
ENSG00000101199	False	True
ENSG00000145349	False	True
ENSG00000010322	False	True
ENSG00000162616	False	True
ENSG00000138722	False	True
ENSG00000186340	False	True
ENSG00000125207	False	True
ENSG00000166747	False	True
ENSG00000165030	False	True
ENSG00000163848	False	True
ENSG00000005302	False	True
ENSG00000114993	False	True
ENSG00000275482	False	True
ENSG00000255302	False	True
ENSG00000160182	True	True
ENSG00000090659	True	True
ENSG00000107338	False	True
ENSG00000089289	False	True
ENSG00000161217	False	True
ENSG00000153814	True	True
ENSG00000149948	True	True
ENSG00000076248	False	True
ENSG00000091483	True	True
ENSG00000204262	False	True
ENSG00000144028	False	True
ENSG00000148700	False	True
ENSG00000158486	False	True
ENSG00000102144	False	True
ENSG00000169925	True	True
ENSG00000184575	False	True
ENSG00000090621	False	True
ENSG00000007174	False	True
ENSG00000196616	True	True
ENSG00000121454	False	True
ENSG00000142945	False	True
ENSG00000166813	False	True
ENSG00000108312	False	True
ENSG00000078401	True	True
ENSG00000138182	False	True
ENSG00000120903	False	True
ENSG00000168411	True	True
ENSG00000116785	False	True
ENSG00000153879	False	True
ENSG00000145414	False	True
ENSG00000263155	False	True
ENSG00000112115	True	True
ENSG00000163520	True	True
ENSG00000185177	True	True
ENSG00000163714	False	True
ENSG00000145012	True	True
ENSG00000109471	True	True
ENSG00000104432	False	True
ENSG00000168542	True	True
ENSG00000153162	True	True
ENSG00000139880	False	True
ENSG00000116120	False	True
ENSG00000102030	False	True
ENSG00000091651	False	True
ENSG00000078081	False	True
ENSG00000169684	True	True
ENSG00000116288	False	True
ENSG00000168003	False	True
ENSG00000158195	False	True
ENSG00000020181	False	True
ENSG00000138061	True	True
ENSG00000101204	False	True
ENSG00000102466	False	True
ENSG00000215271	False	True
ENSG00000076555	False	True
ENSG00000030419	False	True
ENSG00000188554	False	True
ENSG00000288505	False	True
ENSG00000165732	False	True
ENSG00000107758	False	True
ENSG00000130222	False	True
ENSG00000000419	False	True
ENSG00000111245	False	True
ENSG00000160862	False	True
ENSG00000196455	False	True
ENSG00000123405	False	True
ENSG00000099985	False	True
ENSG00000129680	False	True
ENSG00000114127	False	True
ENSG00000118898	False	True
ENSG00000277443	False	True
	False	True
ENSG00000159352	False	True
ENSG00000147400	False	True
ENSG00000135333	True	True
ENSG00000150782	True	True
ENSG00000173692	False	True
ENSG00000063978	False	True
ENSG00000167842	False	True
ENSG00000165828	True	True
ENSG00000134207	False	True
ENSG00000126777	True	True
ENSG00000160957	True	True
ENSG00000198844	False	True
ENSG00000177613	False	True
ENSG00000082516	False	True
ENSG00000145358	False	True
ENSG00000198216	False	True
ENSG00000115935	False	True
ENSG00000124104	False	True
ENSG00000169122	False	True
ENSG00000112182	False	True
ENSG00000134107	False	True
ENSG00000175221	False	True
ENSG00000254999	False	True
ENSG00000107611	False	True
ENSG00000118271	False	True
ENSG00000121060	False	True
ENSG00000076043	False	True
ENSG00000182759	False	True
ENSG00000139112	False	True
ENSG00000136881	False	True
ENSG00000197451	False	True
ENSG00000169756	False	True
ENSG00000137713	False	True
ENSG00000107404	False	True
ENSG00000144935	False	True
ENSG00000147081	False	True
ENSG00000159217	False	True
ENSG00000165097	False	True
ENSG00000075651	False	True
ENSG00000134248	False	True
ENSG00000163518	True	True
ENSG00000081277	False	True
ENSG00000275004	False	True
ENSG00000197746	False	True
ENSG00000164692	False	True
ENSG00000188517	False	True
ENSG00000175634	False	True
ENSG00000123338	False	True
ENSG00000028839	False	True
ENSG00000163995	False	True
ENSG00000132510	False	True
ENSG00000105053	False	True
ENSG00000196470	False	True
ENSG00000115875	False	True
ENSG00000138029	False	True
ENSG00000168172	True	True
ENSG00000262845	False	True
ENSG00000122861	True	True
	True	True
ENSG00000243156	False	True
ENSG00000183579	True	True
ENSG00000136169	True	True
ENSG00000091732	False	True
ENSG00000102302	False	True
ENSG00000125618	True	True
ENSG00000131944	False	True
ENSG00000224470	False	True
ENSG00000175215	False	True
ENSG00000118418	False	True
ENSG00000131323	False	True
ENSG00000073711	False	True
ENSG00000189056	False	True
ENSG00000164400	True	True
ENSG00000159335	False	True
ENSG00000102900	False	True
ENSG00000141448	False	True
ENSG00000254772	False	True
ENSG00000143476	False	True
ENSG00000137812	True	True
ENSG00000159184	True	True
ENSG00000182541	False	True
ENSG00000136527	False	True
ENSG00000153132	False	True
ENSG00000180879	False	True
ENSG00000161847	False	True
ENSG00000182957	False	True
ENSG00000183323	False	True
ENSG00000007168	False	True
ENSG00000170802	False	True
ENSG00000080644	False	True
ENSG00000134884	False	True
ENSG00000172725	False	True
ENSG00000188641	True	True
	False	True
ENSG00000144061	False	True
ENSG00000163875	False	True
ENSG00000137656	False	True
ENSG00000105656	True	True
ENSG00000074966	False	True
ENSG00000114115	False	True
ENSG00000155974	False	True
ENSG00000157873	True	True
ENSG00000175592	False	True
ENSG00000155363	False	True
ENSG00000140285	False	True
ENSG00000100296	False	True
ENSG00000145623	False	True
ENSG00000148572	False	True
ENSG00000141540	False	True
ENSG00000203485	False	True
ENSG00000121289	True	True
ENSG00000164411	False	True
ENSG00000120798	False	True
ENSG00000186625	False	True
ENSG00000119231	False	True
ENSG00000115392	False	True
ENSG00000271605	False	True
ENSG00000123349	False	True
ENSG00000107736	False	True
ENSG00000116001	False	True
ENSG00000178184	False	True
ENSG00000072832	False	True
ENSG00000156531	True	True
ENSG00000108924	True	True
ENSG00000107554	False	True
ENSG00000120217	True	True
ENSG00000066056	False	True
ENSG00000169679	False	True
ENSG00000123213	False	True
ENSG00000138964	False	True
ENSG00000146909	False	True
ENSG00000107104	False	True
ENSG00000105122	False	True
ENSG00000116266	False	True
ENSG00000014641	False	True
ENSG00000177000	True	True
ENSG00000154803	True	True
ENSG00000144283	False	True
ENSG00000013810	False	True
ENSG00000197081	False	True
ENSG00000079616	False	True
ENSG00000160551	False	True
ENSG00000213585	False	True
ENSG00000167653	True	True
ENSG00000198690	False	True
ENSG00000008735	False	True
ENSG00000136167	True	True
ENSG00000121904	False	True
ENSG00000104889	False	True
ENSG00000114200	False	True
ENSG00000006744	False	True
ENSG00000138750	False	True
ENSG00000165304	False	True
ENSG00000033122	False	True
ENSG00000198176	False	True
ENSG00000133794	False	True
ENSG00000151693	False	True
ENSG00000168807	False	True
ENSG00000248496	False	True
ENSG00000101335	False	True
ENSG00000163909	False	True
ENSG00000140521	True	True
ENSG00000011260	False	True
	False	True
ENSG00000145241	False	True
ENSG00000182162	True	True
ENSG00000133101	False	True
ENSG00000162733	True	True
ENSG00000115145	False	True
ENSG00000100650	False	True
ENSG00000196531	True	True
ENSG00000104833	False	True
	False	True
ENSG00000136235	False	True
ENSG00000171772	False	True
ENSG00000135624	False	True
ENSG00000111652	False	True
ENSG00000165973	False	True
ENSG00000161642	False	True
ENSG00000168939	False	True
ENSG00000124275	True	True
ENSG00000115266	False	True
ENSG00000157978	False	True
ENSG00000164342	False	True
ENSG00000277354	False	True
ENSG00000117448	False	True
ENSG00000268447	False	True
ENSG00000068796	False	True
ENSG00000150275	False	True
ENSG00000184363	False	True
ENSG00000113456	False	True
ENSG00000119508	True	True
ENSG00000167967	False	True
ENSG00000205362	False	True
ENSG00000125868	False	True
ENSG00000140350	False	True
ENSG00000087245	True	True
ENSG00000160185	False	True
ENSG00000177426	False	True
ENSG00000257017	False	True
ENSG00000127947	False	True
ENSG00000104903	True	True
ENSG00000158022	False	True
ENSG00000147421	False	True
ENSG00000129757	False	True
ENSG00000134242	False	True
ENSG00000185291	False	True
ENSG00000127870	False	True
ENSG00000160801	False	True
ENSG00000196839	False	True
ENSG00000179456	False	True
ENSG00000107874	False	True
ENSG00000102879	False	True
ENSG00000147168	False	True
ENSG00000165819	False	True
ENSG00000108819	False	True
ENSG00000197471	False	True
ENSG00000204217	False	True
ENSG00000072422	False	True
ENSG00000161057	False	True
ENSG00000116918	False	True
ENSG00000130948	False	True
ENSG00000188603	False	True
ENSG00000174332	False	True
ENSG00000108515	False	True
ENSG00000125871	False	True
ENSG00000129450	False	True
ENSG00000166068	False	True
ENSG00000151365	False	True
ENSG00000274233	False	True
ENSG00000002822	False	True
ENSG00000241476	True	True
ENSG00000101082	False	True
ENSG00000169231	False	True
ENSG00000176692	False	True
ENSG00000077279	False	True
ENSG00000197043	False	True
ENSG00000120457	True	True
ENSG00000155849	False	True
ENSG00000182185	True	True
ENSG00000136630	False	True
ENSG00000182196	False	True
ENSG00000143033	False	True
ENSG00000288185	False	True
ENSG00000011485	False	True
ENSG00000266967	False	True
ENSG00000169583	False	True
ENSG00000167977	False	True
ENSG00000142611	True	True
ENSG00000120688	False	True
ENSG00000144589	False	True
ENSG00000164588	False	True
ENSG00000160305	False	True
ENSG00000221978	False	True
ENSG00000125755	False	True
ENSG00000198924	False	True
ENSG00000282185	False	True
ENSG00000157613	True	True
ENSG00000165480	False	True
ENSG00000118965	False	True
ENSG00000137218	False	True
ENSG00000169856	False	True
ENSG00000121903	False	True
ENSG00000185340	False	True
ENSG00000116560	True	True
ENSG00000125779	False	True
ENSG00000106290	False	True
ENSG00000100029	False	True
ENSG00000139263	True	True
ENSG00000162267	False	True
ENSG00000118873	False	True
ENSG00000066427	False	True
ENSG00000189369	False	True
ENSG00000138115	True	True
ENSG00000213983	False	True
ENSG00000134318	False	True
ENSG00000141522	False	True
ENSG00000123836	False	True
ENSG00000145945	False	True
ENSG00000148143	False	True
ENSG00000168077	False	True
ENSG00000154727	False	True
ENSG00000197555	False	True
ENSG00000011258	False	True
ENSG00000108559	False	True
ENSG00000162413	False	True
ENSG00000129245	False	True
ENSG00000149591	False	True
ENSG00000126752	True	True
ENSG00000115457	False	True
ENSG00000135541	False	True
ENSG00000152208	False	True
ENSG00000132780	False	True
ENSG00000156076	True	True
ENSG00000213523	False	True
ENSG00000148948	False	True
ENSG00000077157	False	True
ENSG00000188215	False	True
	False	True
ENSG00000105176	False	True
ENSG00000108091	True	True
ENSG00000106772	False	True
ENSG00000116752	False	True
ENSG00000171560	False	True
ENSG00000070501	False	True
ENSG00000126458	False	True
ENSG00000065882	False	True
ENSG00000140368	False	True
ENSG00000088832	False	True
ENSG00000144566	False	True
ENSG00000046651	False	True
ENSG00000148339	False	True
ENSG00000075426	False	True
ENSG00000124571	False	True
ENSG00000101596	False	True
ENSG00000166833	False	True
ENSG00000135144	False	True
ENSG00000143416	False	True
ENSG00000167642	True	True
ENSG00000071054	False	True
ENSG00000105655	False	True
ENSG00000059804	False	True
ENSG00000166987	False	True
ENSG00000196482	False	True
ENSG00000052749	False	True
ENSG00000180228	False	True
ENSG00000080845	False	True
ENSG00000039319	False	True
ENSG00000143498	False	True
ENSG00000089094	False	True
ENSG00000143727	False	True
ENSG00000112769	False	True
ENSG00000147202	False	True
ENSG00000120802	False	True
ENSG00000164220	False	True
ENSG00000168961	False	True
ENSG00000010803	False	True
ENSG00000112655	False	True
ENSG00000162992	False	True
ENSG00000156345	False	True
ENSG00000126952	False	True
ENSG00000060656	False	True
ENSG00000112799	False	True
ENSG00000025708	True	True
ENSG00000204628	False	True
ENSG00000104228	False	True
ENSG00000095370	False	True
ENSG00000241553	False	True
ENSG00000092036	False	True
ENSG00000258366	False	True
ENSG00000087206	False	True
ENSG00000180628	False	True
ENSG00000085514	False	True
ENSG00000110048	False	True
ENSG00000130396	True	True
ENSG00000179115	False	True
ENSG00000103194	False	True
ENSG00000105185	False	True
ENSG00000198681	False	True
ENSG00000120756	False	True
ENSG00000121594	False	True
ENSG00000137285	False	True
ENSG00000119401	False	True
ENSG00000197561	False	True
ENSG00000215421	False	True
ENSG00000128713	True	True
ENSG00000080618	False	True
ENSG00000273761	False	True
ENSG00000124491	False	True
ENSG00000162191	False	True
ENSG00000186416	False	True
ENSG00000109113	False	True
ENSG00000114503	False	True
ENSG00000159640	False	True
ENSG00000126524	True	True
ENSG00000180353	False	True
ENSG00000132323	False	True
ENSG00000214114	False	True
ENSG00000104859	False	True
ENSG00000112232	False	True
ENSG00000144381	False	True
ENSG00000102265	True	True
ENSG00000139620	False	True
ENSG00000203747	False	True
ENSG00000125931	False	True
ENSG00000112149	False	True
ENSG00000124193	False	True
ENSG00000183779	False	True
ENSG00000077063	False	True
ENSG00000005381	True	True
ENSG00000125740	False	True
ENSG00000131668	False	True
ENSG00000198932	False	True
ENSG00000111252	True	True
ENSG00000143507	False	True
ENSG00000276111	False	True
ENSG00000064999	False	True
ENSG00000075188	False	True
ENSG00000196182	False	True
ENSG00000105048	False	True
ENSG00000128602	True	True
ENSG00000198001	False	True
ENSG00000113013	False	True
ENSG00000071243	False	True
ENSG00000139193	False	True
ENSG00000274221	False	True
ENSG00000285053	False	True
ENSG00000239697	False	True
ENSG00000138772	False	True
ENSG00000169249	True	True
ENSG00000117632	False	True
ENSG00000135597	False	True
ENSG00000172867	False	True
ENSG00000168675	False	True
ENSG00000102837	True	True
ENSG00000122778	True	True
ENSG00000111052	False	True
ENSG00000151498	False	True
ENSG00000138100	False	True
ENSG00000112659	False	True
ENSG00000140043	False	True
ENSG00000122188	False	True
ENSG00000106004	False	True
ENSG00000172061	False	True
ENSG00000112984	False	True
ENSG00000149923	False	True
ENSG00000117707	False	True
ENSG00000164053	False	True
ENSG00000137273	False	True
ENSG00000130429	False	True
ENSG00000242689	False	True
ENSG00000176887	False	True
ENSG00000150316	False	True
ENSG00000160783	False	True
ENSG00000157150	False	True
ENSG00000166925	False	True
ENSG00000102595	False	True
ENSG00000133997	False	True
ENSG00000130479	False	True
ENSG00000012504	False	True
ENSG00000124535	False	True
ENSG00000106628	False	True
ENSG00000121892	False	True
ENSG00000137074	False	True
ENSG00000008300	False	True
ENSG00000185745	False	True
ENSG00000184428	False	True
ENSG00000131370	False	True
ENSG00000071991	False	True
ENSG00000177272	False	True
ENSG00000173991	False	True
ENSG00000164938	False	True
ENSG00000165702	False	True
ENSG00000196935	False	True
ENSG00000156256	False	True
ENSG00000154016	False	True
ENSG00000160803	False	True
ENSG00000115241	False	True
ENSG00000262045	False	True
ENSG00000170340	False	True
ENSG00000083123	False	True
ENSG00000231924	False	True
ENSG00000154096	False	True
ENSG00000177143	False	True
ENSG00000140968	False	True
ENSG00000168872	False	True
ENSG00000118729	False	True
ENSG00000173226	False	True
ENSG00000230907	False	True
ENSG00000198612	False	True
ENSG00000111752	False	True
ENSG00000106211	False	True
ENSG00000181220	False	True
ENSG00000178403	False	True
ENSG00000177889	False	True
ENSG00000144366	False	True
ENSG00000167992	False	True
ENSG00000126767	False	True
ENSG00000154917	False	True
ENSG00000165156	False	True
ENSG00000125484	False	True
ENSG00000161405	False	True
ENSG00000241973	False	True
ENSG00000088367	False	True
ENSG00000150893	False	True
ENSG00000120075	False	True
ENSG00000196415	False	True
ENSG00000180806	False	True
ENSG00000163914	False	True
ENSG00000110429	False	True
ENSG00000137869	True	True
ENSG00000162520	False	True
ENSG00000163297	False	True
ENSG00000149781	False	True
ENSG00000156313	False	True
ENSG00000008130	False	True
ENSG00000127993	False	True
ENSG00000176444	False	True
ENSG00000187736	False	True
ENSG00000072134	False	True
ENSG00000274542	False	True
ENSG00000123999	False	True
ENSG00000182871	False	True
ENSG00000097046	False	True
ENSG00000185666	False	True
ENSG00000042493	False	True
ENSG00000218336	False	True
ENSG00000118137	False	True
ENSG00000189337	False	True
ENSG00000005882	False	True
ENSG00000175203	False	True
ENSG00000172183	False	True
ENSG00000072135	False	True
ENSG00000182446	False	True
ENSG00000179862	False	True
ENSG00000089022	False	True
ENSG00000112335	False	True
ENSG00000118946	False	True
ENSG00000047457	False	True
ENSG00000141052	False	True
ENSG00000134758	False	True
ENSG00000185627	False	True
ENSG00000102878	False	True
ENSG00000086712	False	True
ENSG00000101146	False	True
ENSG00000049167	False	True
ENSG00000130643	False	True
ENSG00000152952	False	True
ENSG00000169855	False	True
ENSG00000105486	False	True
ENSG00000143106	False	True
ENSG00000113657	False	True
ENSG00000173166	False	True
ENSG00000076641	False	True
ENSG00000117569	False	True
ENSG00000100814	True	True
ENSG00000163563	False	True
ENSG00000069966	False	True
ENSG00000116670	False	True
ENSG00000196338	False	True
ENSG00000171540	False	True
ENSG00000166206	False	True
ENSG00000152240	False	True
ENSG00000102125	False	True
ENSG00000144591	False	True
ENSG00000072864	False	True
ENSG00000185386	False	True
ENSG00000178685	False	True
ENSG00000134070	False	True
ENSG00000167244	False	True
ENSG00000244734	False	True
ENSG00000031081	False	True
ENSG00000182022	False	True
ENSG00000136943	False	True
ENSG00000079785	False	True
ENSG00000138398	False	True
ENSG00000111602	False	True
ENSG00000144791	False	True
ENSG00000170248	False	True
ENSG00000152601	False	True
ENSG00000075131	False	True
ENSG00000149295	False	True
ENSG00000137574	False	True
ENSG00000110344	False	True
ENSG00000180176	False	True
ENSG00000167978	False	True
ENSG00000122884	False	True
ENSG00000176194	False	True
ENSG00000138375	False	True
ENSG00000068028	False	True
ENSG00000177098	False	True
ENSG00000096070	False	True
ENSG00000130844	True	True
ENSG00000122515	False	True
ENSG00000099860	False	True
ENSG00000135932	False	True
ENSG00000169180	False	True
ENSG00000157349	False	True
ENSG00000100028	False	True
ENSG00000275700	False	True
ENSG00000153208	False	True
ENSG00000142856	False	True
ENSG00000189283	True	True
ENSG00000083444	False	True
ENSG00000164087	False	True
ENSG00000160877	False	True
ENSG00000084207	True	True
ENSG00000110697	False	True
ENSG00000144893	False	True
ENSG00000171446	False	True
ENSG00000142405	False	True
ENSG00000100209	False	True
ENSG00000100241	False	True
ENSG00000114107	False	True
ENSG00000177694	False	True
ENSG00000170144	False	True
ENSG00000122482	False	True
ENSG00000119139	False	True
ENSG00000054356	False	True
ENSG00000124191	False	True
ENSG00000116701	False	True
ENSG00000101882	False	True
ENSG00000163697	False	True
ENSG00000132182	False	True
ENSG00000070961	False	True
ENSG00000089820	False	True
ENSG00000145555	False	True
ENSG00000163950	False	True
ENSG00000129484	False	True
ENSG00000142192	False	True
ENSG00000129116	False	True
ENSG00000197951	False	True
ENSG00000177600	False	True
ENSG00000144712	False	True
ENSG00000067208	False	True
ENSG00000110906	False	True
ENSG00000152492	False	True
ENSG00000163207	False	True
ENSG00000135407	False	True
ENSG00000106397	False	True
ENSG00000281818	False	True
ENSG00000142230	False	True
ENSG00000076321	False	True
ENSG00000166086	False	True
ENSG00000171490	False	True
ENSG00000138346	False	True
ENSG00000039650	False	True
ENSG00000173674	True	True
ENSG00000061987	False	True
ENSG00000097033	False	True
	False	True
ENSG00000160741	False	True
ENSG00000146904	False	True
ENSG00000108848	False	True
ENSG00000150779	False	True
ENSG00000187566	False	True
ENSG00000078114	False	True
ENSG00000090376	False	True
ENSG00000064419	False	True
ENSG00000170458	False	True
ENSG00000249115	False	True
ENSG00000130294	False	True
ENSG00000276293	False	True
ENSG00000109103	False	True
ENSG00000135480	False	True
ENSG00000136143	False	True
ENSG00000163681	False	True
ENSG00000180644	True	True
ENSG00000110063	False	True
ENSG00000111664	False	True
ENSG00000016402	False	True
ENSG00000103241	False	True
ENSG00000213782	False	True
ENSG00000084110	False	True
ENSG00000205250	False	True
ENSG00000114859	False	True
ENSG00000160973	False	True
ENSG00000275568	False	True
ENSG00000188976	False	True
ENSG00000265241	False	True
ENSG00000121931	False	True
ENSG00000188895	False	True
ENSG00000105705	False	True
ENSG00000198198	False	True
ENSG00000172059	False	True
ENSG00000198363	False	True
ENSG00000131653	True	True
ENSG00000107625	False	True
ENSG00000100804	False	True
ENSG00000235346	False	True
ENSG00000160294	False	True
ENSG00000171310	True	True
ENSG00000168386	False	True
ENSG00000105967	False	True
ENSG00000160208	False	True
ENSG00000143013	False	True
ENSG00000101350	False	True
ENSG00000113361	False	True
ENSG00000166866	False	True
ENSG00000109787	False	True
ENSG00000229524	False	True
ENSG00000078142	False	True
ENSG00000091129	False	True
ENSG00000092964	False	True
ENSG00000132507	False	True
ENSG00000157782	False	True
ENSG00000197632	False	True
ENSG00000108592	False	True
ENSG00000177169	False	True
ENSG00000152578	False	True
ENSG00000175354	False	True
ENSG00000109118	False	True
ENSG00000116584	False	True
ENSG00000004864	False	True
ENSG00000158270	False	True
ENSG00000165113	False	True
ENSG00000105397	False	True
ENSG00000147642	False	True
ENSG00000163935	False	True
ENSG00000139505	False	True
ENSG00000143889	False	True
ENSG00000105854	False	True
ENSG00000158711	True	True
ENSG00000160207	False	True
ENSG00000143819	True	True
ENSG00000174808	False	True
ENSG00000127124	False	True
ENSG00000064835	False	True
ENSG00000277377	False	True
ENSG00000101558	False	True
ENSG00000125898	False	True
ENSG00000284850	False	True
ENSG00000155926	False	True
ENSG00000104973	False	True
ENSG00000106333	False	True
	False	True
ENSG00000104147	False	True
ENSG00000167641	False	True
ENSG00000164761	False	True
ENSG00000126353	True	True
ENSG00000156515	False	True
ENSG00000187091	False	True
	False	True
ENSG00000005022	False	True
ENSG00000173193	False	True
ENSG00000223572	False	True
ENSG00000111335	False	True
ENSG00000129474	False	True
ENSG00000079308	False	True
ENSG00000183570	False	True
ENSG00000118160	False	True
ENSG00000138107	False	True
ENSG00000113851	False	True
ENSG00000132153	False	True
ENSG00000119681	False	True
ENSG00000101189	False	True
ENSG00000119408	False	True
ENSG00000124422	False	True
ENSG00000186280	False	True
ENSG00000196262	False	True
ENSG00000160199	False	True
ENSG00000159840	False	True
ENSG00000143546	False	True
ENSG00000046604	False	True
ENSG00000158062	False	True
ENSG00000139793	False	True
ENSG00000144802	False	True
ENSG00000206280	False	True
ENSG00000142185	False	True
ENSG00000067141	False	True
ENSG00000182195	False	True
ENSG00000165934	False	True
ENSG00000198252	False	True
ENSG00000104897	False	True
ENSG00000014216	False	True
ENSG00000162601	False	True
ENSG00000125835	False	True
ENSG00000071794	False	True
ENSG00000161956	False	True
ENSG00000123165	False	True
ENSG00000172005	False	True
	False	True
ENSG00000127990	False	True
ENSG00000144895	False	True
ENSG00000140382	False	True
ENSG00000137992	False	True
ENSG00000174007	False	True
ENSG00000149212	False	True
ENSG00000280962	False	True
ENSG00000187954	False	True
ENSG00000076356	False	True
ENSG00000103152	False	True
ENSG00000104375	False	True
ENSG00000174791	False	True
ENSG00000163840	False	True
ENSG00000181638	False	True
ENSG00000205476	False	True
ENSG00000136205	False	True
ENSG00000170370	False	True
ENSG00000173917	False	True
ENSG00000120068	False	True
ENSG00000119630	False	True
ENSG00000132670	False	True
ENSG00000006451	False	True
ENSG00000108518	False	True
ENSG00000092200	False	True
ENSG00000124813	False	True
ENSG00000058668	False	True
ENSG00000197472	False	True
ENSG00000169136	False	True
ENSG00000229117	False	True
ENSG00000136010	False	True
ENSG00000285301	False	True
ENSG00000150787	False	True
ENSG00000166407	True	True
ENSG00000276825	False	True
ENSG00000043143	False	True
ENSG00000136872	False	True
ENSG00000126215	True	True
ENSG00000163815	False	True
ENSG00000239732	False	True
ENSG00000010292	False	True
ENSG00000184990	False	True
ENSG00000162736	False	True
ENSG00000239306	False	True
ENSG00000117335	False	True
ENSG00000150347	False	True
ENSG00000203786	False	True
ENSG00000004948	False	True
ENSG00000102471	False	True
ENSG00000180210	False	True
ENSG00000134686	False	True
ENSG00000146839	False	True
ENSG00000187017	False	True
ENSG00000124733	False	True
ENSG00000163083	False	True
ENSG00000079462	False	True
ENSG00000130713	False	True
ENSG00000163482	False	True
ENSG00000152527	False	True
ENSG00000109063	False	True
ENSG00000182197	True	True
ENSG00000145864	False	True
ENSG00000128708	False	True
ENSG00000123700	False	True
ENSG00000123609	False	True
ENSG00000125249	False	True
ENSG00000185238	False	True
ENSG00000213023	False	True
ENSG00000136986	False	True
ENSG00000149187	False	True
ENSG00000011451	False	True
ENSG00000023330	False	True
ENSG00000077152	False	True
ENSG00000005421	False	True
ENSG00000010072	False	True
ENSG00000156482	False	True
ENSG00000103888	False	True
ENSG00000197771	False	True
ENSG00000162714	False	True
ENSG00000174444	False	True
ENSG00000118680	False	True
ENSG00000164778	False	True
ENSG00000122565	False	True
ENSG00000273706	False	True
ENSG00000127452	False	True
ENSG00000197140	False	True
ENSG00000115825	False	True
ENSG00000012822	False	True
ENSG00000165821	False	True
ENSG00000141527	False	True
ENSG00000103460	True	True
	False	True
ENSG00000100567	False	True
ENSG00000147536	False	True
ENSG00000278062	False	True
ENSG00000172046	False	True
ENSG00000136044	False	True
ENSG00000213145	False	True
ENSG00000175104	False	True
ENSG00000171444	False	True
ENSG00000176170	False	True
ENSG00000149929	False	True
ENSG00000126214	False	True
ENSG00000166908	False	True
ENSG00000259956	False	True
ENSG00000176783	False	True
ENSG00000129534	False	True
ENSG00000105877	False	True
ENSG00000143079	False	True
ENSG00000152969	False	True
ENSG00000084731	False	True
ENSG00000087087	False	True
ENSG00000163785	False	True
ENSG00000274205	False	True
ENSG00000163312	False	True
ENSG00000012983	False	True
ENSG00000145850	False	True
ENSG00000197050	False	True
ENSG00000087842	False	True
ENSG00000100985	True	True
ENSG00000196189	False	True
ENSG00000187554	False	True
ENSG00000134014	False	True
ENSG00000158987	False	True
ENSG00000092445	False	True
ENSG00000125676	False	True
ENSG00000140577	True	True
ENSG00000149571	False	True
ENSG00000141456	False	True
ENSG00000077684	False	True
ENSG00000084623	False	True
ENSG00000237289	False	True
ENSG00000198918	False	True
ENSG00000065609	False	True
ENSG00000163347	False	True
ENSG00000197976	False	True
ENSG00000100038	False	True
ENSG00000141446	False	True
ENSG00000115233	False	True
ENSG00000149599	False	True
ENSG00000172638	False	True
ENSG00000158473	False	True
ENSG00000101347	False	True
ENSG00000143226	False	True
ENSG00000176208	False	True
ENSG00000110497	False	True
ENSG00000284752	False	True
ENSG00000114302	False	True
ENSG00000155659	False	True
ENSG00000142082	False	True
ENSG00000155629	False	True
ENSG00000162889	False	True
ENSG00000117394	False	True
ENSG00000162419	False	True
ENSG00000161082	False	True
ENSG00000092295	False	True
ENSG00000161888	False	True
ENSG00000138495	False	True
ENSG00000099341	False	True
ENSG00000052795	False	True
ENSG00000128881	False	True
ENSG00000177108	False	True
ENSG00000165240	False	True
ENSG00000019549	False	True
ENSG00000157601	False	True
ENSG00000129083	False	True
ENSG00000126261	False	True
ENSG00000106829	False	True
ENSG00000100239	False	True
ENSG00000146592	False	True
ENSG00000113369	False	True
ENSG00000082898	True	True
ENSG00000136944	False	True
ENSG00000162552	False	True
ENSG00000100982	False	True
ENSG00000120699	False	True
ENSG00000104343	False	True
ENSG00000093010	True	True
ENSG00000149403	False	True
ENSG00000111727	False	True
ENSG00000118193	False	True
ENSG00000130695	False	True
ENSG00000171564	False	True
ENSG00000015153	False	True
ENSG00000117395	False	True
ENSG00000122008	False	True
ENSG00000198791	False	True
ENSG00000262771	False	True
ENSG00000101138	False	True
ENSG00000227804	False	True
ENSG00000184937	True	True
ENSG00000010361	False	True
ENSG00000113569	False	True
ENSG00000123983	True	True
ENSG00000258947	False	True
ENSG00000170296	False	True
ENSG00000242265	False	True
ENSG00000196277	False	True
ENSG00000101493	False	True
ENSG00000163060	False	True
ENSG00000138771	False	True
ENSG00000150687	False	True
ENSG00000171346	False	True
ENSG00000196177	False	True
ENSG00000167768	False	True
ENSG00000121552	False	True
ENSG00000124664	False	True
ENSG00000205307	False	True
ENSG00000124782	False	True
ENSG00000006062	False	True
ENSG00000164066	False	True
ENSG00000106069	False	True
ENSG00000113282	False	True
ENSG00000150594	False	True
ENSG00000166033	False	True
ENSG00000182580	False	True
	False	True
ENSG00000137575	False	True
ENSG00000181610	False	True
ENSG00000114982	False	True
ENSG00000114942	False	True
ENSG00000100429	False	True
ENSG00000182492	False	True
ENSG00000117400	True	True
ENSG00000110427	False	True
ENSG00000175416	False	True
ENSG00000165733	False	True
ENSG00000171163	False	True
ENSG00000030304	False	True
ENSG00000102683	False	True
ENSG00000214021	False	True
ENSG00000164086	False	True
ENSG00000169891	False	True
ENSG00000175745	False	True
ENSG00000100479	False	True
ENSG00000185619	False	True
ENSG00000137947	False	True
ENSG00000230624	False	True
ENSG00000196296	False	True
ENSG00000110786	False	True
ENSG00000135090	False	True
ENSG00000167881	False	True
ENSG00000197616	False	True
ENSG00000173040	False	True
ENSG00000125885	False	True
ENSG00000111641	False	True
ENSG00000177455	False	True
ENSG00000070190	False	True
ENSG00000107984	False	True
ENSG00000105393	False	True
ENSG00000136810	False	True
ENSG00000065911	False	True
ENSG00000138623	False	True
ENSG00000196422	False	True
ENSG00000176953	False	True
ENSG00000010704	False	True
ENSG00000140263	False	True
ENSG00000160710	False	True
ENSG00000111554	False	True
ENSG00000138794	False	True
ENSG00000125124	False	True
ENSG00000181544	False	True
ENSG00000157450	False	True
ENSG00000275416	False	True
ENSG00000147647	False	True
ENSG00000261371	False	True
ENSG00000141959	False	True
ENSG00000082153	False	True
ENSG00000134748	False	True
ENSG00000143171	False	True
ENSG00000101413	False	True
ENSG00000136451	False	True
ENSG00000173599	False	True
ENSG00000198380	False	True
ENSG00000116871	False	True
ENSG00000106100	False	True
ENSG00000108691	True	True
ENSG00000125775	False	True
ENSG00000169744	False	True
ENSG00000163606	False	True
ENSG00000185615	False	True
ENSG00000133789	False	True
ENSG00000023516	False	True
ENSG00000123104	False	True
ENSG00000130638	False	True
ENSG00000145423	False	True
ENSG00000130598	False	True
ENSG00000116903	False	True
ENSG00000144285	False	True
ENSG00000035141	False	True
ENSG00000243678	False	True
ENSG00000100219	False	True
ENSG00000173581	False	True
ENSG00000170819	False	True
ENSG00000107140	False	True
ENSG00000165912	False	True
ENSG00000187498	False	True
ENSG00000182742	False	True
ENSG00000197713	False	True
ENSG00000130734	False	True
ENSG00000110851	False	True
ENSG00000197822	False	True
ENSG00000066455	True	True
ENSG00000172201	False	True
ENSG00000118257	False	True
ENSG00000071537	False	True
ENSG00000082781	False	True
ENSG00000176058	False	True
ENSG00000008083	False	True
ENSG00000171863	False	True
ENSG00000112851	False	True
ENSG00000077274	False	True
ENSG00000137709	False	True
ENSG00000108671	False	True
ENSG00000132639	False	True
ENSG00000145088	False	True
ENSG00000133401	False	True
ENSG00000136160	False	True
	False	True
ENSG00000078814	False	True
ENSG00000173559	False	True
ENSG00000112249	False	True
ENSG00000073712	False	True
ENSG00000107099	False	True
ENSG00000162624	False	True
ENSG00000134760	False	True
ENSG00000151332	False	True
ENSG00000119969	False	True
ENSG00000273173	False	True
ENSG00000072958	False	True
ENSG00000176679	False	True
ENSG00000160360	False	True
ENSG00000114956	False	True
ENSG00000129219	False	True
ENSG00000112699	False	True
ENSG00000181789	False	True
ENSG00000197724	False	True
ENSG00000148798	False	True
ENSG00000164591	False	True
ENSG00000057593	False	True
ENSG00000139163	True	True
ENSG00000164675	False	True
ENSG00000158528	False	True
ENSG00000181333	False	True
ENSG00000126749	False	True
ENSG00000147124	False	True
ENSG00000011422	True	True
ENSG00000075239	False	True
ENSG00000185010	False	True
	True	True
ENSG00000104325	False	True
ENSG00000137807	False	True
ENSG00000171476	False	True
ENSG00000111786	False	True
ENSG00000140395	False	True
ENSG00000068001	True	True
ENSG00000162702	False	True
ENSG00000188783	False	True
ENSG00000105717	False	True
ENSG00000165757	False	True
ENSG00000123496	False	True
ENSG00000077800	False	True
ENSG00000278728	True	True
ENSG00000129354	False	True
ENSG00000270765	False	True
ENSG00000256269	False	True
ENSG00000135899	False	True
ENSG00000253485	False	True
ENSG00000105419	False	True
ENSG00000006634	False	True
ENSG00000112679	False	True
ENSG00000100461	False	True
ENSG00000121807	False	True
ENSG00000125571	False	True
ENSG00000143486	False	True
ENSG00000183918	False	True
ENSG00000100554	False	True
ENSG00000169750	False	True
ENSG00000102901	False	True
ENSG00000282307	False	True
ENSG00000103056	False	True
ENSG00000256525	False	True
ENSG00000146263	False	True
ENSG00000205937	False	True
ENSG00000107317	False	True
ENSG00000106852	False	True
ENSG00000186265	False	True
ENSG00000072315	False	True
ENSG00000180818	False	True
ENSG00000099617	False	True
ENSG00000173327	False	True
	False	True
ENSG00000148843	False	True
ENSG00000126653	False	True
ENSG00000240972	False	True
ENSG00000105255	False	True
ENSG00000170142	False	True
ENSG00000011454	False	True
ENSG00000131238	False	True
ENSG00000138738	False	True
ENSG00000164134	False	True
ENSG00000157851	False	True
ENSG00000138083	False	True
ENSG00000108242	False	True
ENSG00000034677	False	True
ENSG00000147677	False	True
ENSG00000145041	False	True
ENSG00000118762	False	True
ENSG00000251369	False	True
ENSG00000149782	False	True
ENSG00000108061	False	True
ENSG00000079385	False	True
ENSG00000129911	False	True
ENSG00000159256	False	True
ENSG00000237508	False	True
ENSG00000140859	False	True
ENSG00000161940	False	True
ENSG00000247596	False	True
ENSG00000112578	False	True
ENSG00000100201	False	True
ENSG00000134504	False	True
ENSG00000083937	False	True
ENSG00000188738	False	True
ENSG00000165588	False	True
ENSG00000151612	False	True
ENSG00000094916	False	True
ENSG00000232616	False	True
ENSG00000101624	False	True
ENSG00000144485	False	True
ENSG00000109466	False	True
ENSG00000132950	False	True
ENSG00000148484	False	True
ENSG00000196396	False	True
ENSG00000157766	False	True
ENSG00000263465	False	True
ENSG00000041802	False	True
ENSG00000122592	False	True
ENSG00000285132	False	True
ENSG00000131467	False	True
ENSG00000005961	False	True
ENSG00000149294	False	True
ENSG00000187735	True	True
ENSG00000011275	False	True
ENSG00000169851	False	True
ENSG00000107438	False	True
ENSG00000145777	False	True
ENSG00000138430	False	True
ENSG00000142552	False	True
ENSG00000131142	False	True
ENSG00000177030	False	True
ENSG00000100722	False	True
ENSG00000204086	False	True
ENSG00000170745	False	True
ENSG00000111701	False	True
ENSG00000081019	False	True
ENSG00000152520	False	True
ENSG00000099889	False	True
ENSG00000184845	False	True
ENSG00000140332	False	True
ENSG00000112214	False	True
ENSG00000179833	False	True
ENSG00000147604	False	True
ENSG00000101871	False	True
ENSG00000126010	True	True
ENSG00000170962	False	True
ENSG00000092969	False	True
ENSG00000135678	False	True
ENSG00000172315	False	True
ENSG00000122126	False	True
ENSG00000044459	False	True
ENSG00000197614	False	True
ENSG00000115310	False	True
ENSG00000023902	False	True
ENSG00000132256	False	True
ENSG00000174827	False	True
ENSG00000198920	False	True
ENSG00000182253	False	True
ENSG00000124214	False	True
ENSG00000137745	False	True
ENSG00000275338	False	True
ENSG00000109814	False	True
ENSG00000110245	False	True
ENSG00000152795	False	True
ENSG00000083457	False	True
ENSG00000132879	False	True
ENSG00000085840	False	True
ENSG00000056736	False	True
ENSG00000157240	False	True
ENSG00000053254	False	True
ENSG00000125810	False	True
ENSG00000144481	False	True
ENSG00000204370	True	True
ENSG00000104312	False	True
ENSG00000038427	False	True
ENSG00000214753	False	True
ENSG00000106483	True	True
ENSG00000101365	False	True
ENSG00000144730	False	True
ENSG00000105369	True	True
ENSG00000126746	True	True
ENSG00000196345	False	True
ENSG00000135698	False	True
ENSG00000124334	False	True
ENSG00000138363	True	True
ENSG00000184792	False	True
ENSG00000125675	False	True
ENSG00000174951	False	True
ENSG00000163872	False	True
ENSG00000011028	False	True
ENSG00000120549	False	True
ENSG00000131013	False	True
ENSG00000170525	False	True
ENSG00000157168	True	True
ENSG00000174125	False	True
ENSG00000138190	False	True
ENSG00000162385	False	True
ENSG00000180660	False	True
ENSG00000068308	False	True
ENSG00000273562	False	True
ENSG00000175467	False	True
ENSG00000075856	False	True
ENSG00000145194	False	True
ENSG00000108759	False	True
ENSG00000107164	False	True
ENSG00000100994	False	True
ENSG00000170903	False	True
ENSG00000064692	False	True
ENSG00000138496	False	True
ENSG00000257365	False	True
ENSG00000141425	False	True
ENSG00000081913	False	True
ENSG00000052723	False	True
ENSG00000143093	False	True
ENSG00000106608	False	True
ENSG00000149182	False	True
ENSG00000188677	False	True
ENSG00000278129	False	True
ENSG00000241697	False	True
ENSG00000153885	False	True
ENSG00000179941	False	True
ENSG00000185504	False	True
ENSG00000138650	False	True
ENSG00000154553	False	True
ENSG00000176046	False	True
ENSG00000172399	False	True
ENSG00000206150	False	True
ENSG00000134001	False	True
ENSG00000105383	False	True
ENSG00000148660	False	True
ENSG00000071626	False	True
ENSG00000184221	False	True
ENSG00000135968	False	True
ENSG00000206208	False	True
ENSG00000130830	False	True
ENSG00000265203	False	True
ENSG00000144848	False	True
ENSG00000104835	False	True
ENSG00000114850	False	True
ENSG00000227345	False	True
ENSG00000074317	False	True
ENSG00000115761	False	True
ENSG00000146094	False	True
ENSG00000115423	False	True
ENSG00000005884	False	True
ENSG00000158480	False	True
ENSG00000187778	False	True
ENSG00000130347	False	True
ENSG00000156103	False	True
ENSG00000104983	False	True
ENSG00000152767	False	True
ENSG00000177663	False	True
ENSG00000167858	False	True
ENSG00000116824	False	True
ENSG00000117505	False	True
ENSG00000100519	False	True
ENSG00000137841	False	True
ENSG00000118523	False	True
ENSG00000182606	False	True
ENSG00000169297	False	True
ENSG00000146282	False	True
ENSG00000281935	False	True
ENSG00000105672	False	True
ENSG00000145242	False	True
ENSG00000172380	False	True
ENSG00000183431	False	True
ENSG00000140743	False	True
ENSG00000183955	False	True
ENSG00000124092	False	True
ENSG00000158571	False	True
ENSG00000104852	False	True
ENSG00000144524	False	True
ENSG00000169139	False	True
ENSG00000108861	False	True
ENSG00000259384	False	True
ENSG00000181191	False	True
ENSG00000135297	False	True
ENSG00000180871	False	True
ENSG00000196408	False	True
ENSG00000184007	False	True
ENSG00000139631	False	True
	False	True
ENSG00000160753	False	True
ENSG00000162999	False	True
ENSG00000178234	False	True
ENSG00000266094	False	True
ENSG00000256683	False	True
ENSG00000131966	False	True
ENSG00000185483	False	True
ENSG00000162813	False	True
ENSG00000101751	False	True
ENSG00000273572	False	True
ENSG00000050327	False	True
ENSG00000114054	False	True
ENSG00000160211	False	True
ENSG00000103647	False	True
ENSG00000139546	False	True
ENSG00000078098	False	True
ENSG00000162571	False	True
ENSG00000114626	False	True
ENSG00000186583	False	True
ENSG00000171497	False	True
ENSG00000135114	False	True
ENSG00000145730	False	True
ENSG00000138161	False	True
ENSG00000154114	False	True
ENSG00000100285	True	True
	False	True
ENSG00000240694	False	True
ENSG00000085872	False	True
ENSG00000004838	False	True
ENSG00000065135	False	True
ENSG00000107937	False	True
ENSG00000064703	False	True
ENSG00000223654	False	True
ENSG00000113100	False	True
ENSG00000139579	False	True
ENSG00000140379	False	True
ENSG00000185842	False	True
ENSG00000166592	False	True
	False	True
ENSG00000143811	False	True
ENSG00000120437	False	True
ENSG00000105738	False	True
ENSG00000137168	False	True
ENSG00000121068	False	True
ENSG00000136026	False	True
ENSG00000198805	False	True
ENSG00000070669	False	True
ENSG00000115839	False	True
ENSG00000174943	False	True
ENSG00000180720	False	True
ENSG00000143575	False	True
ENSG00000162444	False	True
ENSG00000163219	False	True
ENSG00000155961	False	True
ENSG00000058404	False	True
ENSG00000150051	False	True
ENSG00000177479	False	True
ENSG00000183943	False	True
ENSG00000087116	False	True
ENSG00000129810	False	True
ENSG00000005844	False	True
ENSG00000032742	False	True
ENSG00000132561	False	True
ENSG00000101162	False	True
ENSG00000152291	False	True
ENSG00000174175	False	True
ENSG00000146535	False	True
ENSG00000019995	False	True
ENSG00000126070	False	True
ENSG00000160213	False	True
ENSG00000142765	False	True
ENSG00000152229	False	True
ENSG00000165059	False	True
ENSG00000147394	False	True
	False	True
ENSG00000013725	False	True
ENSG00000141506	False	True
ENSG00000085382	False	True
ENSG00000198018	False	True
ENSG00000145901	False	True
ENSG00000075891	False	True
ENSG00000130702	False	True
ENSG00000152192	False	True
ENSG00000126003	False	True
ENSG00000099203	False	True
ENSG00000138468	False	True
ENSG00000196090	True	True
ENSG00000176406	False	True
ENSG00000178607	False	True
ENSG00000034713	False	True
ENSG00000176428	False	True
ENSG00000158796	False	True
ENSG00000106541	False	True
ENSG00000130741	False	True
ENSG00000038210	False	True
ENSG00000119048	False	True
ENSG00000113068	False	True
ENSG00000136152	False	True
ENSG00000120251	False	True
ENSG00000143919	False	True
ENSG00000062598	False	True
ENSG00000108679	False	True
ENSG00000115977	False	True
ENSG00000113600	False	True
ENSG00000186871	False	True
ENSG00000143355	False	True
ENSG00000244274	False	True
ENSG00000106031	True	True
ENSG00000140750	False	True
ENSG00000143761	False	True
ENSG00000198546	False	True
ENSG00000101311	False	True
ENSG00000107872	False	True
ENSG00000172716	False	True
ENSG00000076706	False	True
ENSG00000151640	False	True
ENSG00000125971	False	True
ENSG00000101421	False	True
ENSG00000242220	False	True
ENSG00000112183	False	True
ENSG00000169504	False	True
ENSG00000106927	False	True
ENSG00000102890	False	True
ENSG00000116663	False	True
ENSG00000175279	False	True
ENSG00000282175	False	True
ENSG00000168813	False	True
ENSG00000134516	False	True
ENSG00000105641	True	True
ENSG00000135404	False	True
ENSG00000107201	False	True
ENSG00000116133	False	True
ENSG00000140479	False	True
ENSG00000132535	False	True
ENSG00000131507	False	True
ENSG00000109079	False	True
ENSG00000254986	False	True
ENSG00000263528	False	True
ENSG00000180113	False	True
ENSG00000187189	False	True
ENSG00000100504	False	True
ENSG00000217442	False	True
ENSG00000135372	False	True
ENSG00000110887	False	True
ENSG00000077238	False	True
ENSG00000130675	True	True
ENSG00000152661	False	True
ENSG00000109705	False	True
ENSG00000179168	False	True
ENSG00000172809	False	True
ENSG00000041357	False	True
ENSG00000228987	False	True
ENSG00000069188	False	True
ENSG00000129197	False	True
ENSG00000100889	False	True
ENSG00000120129	False	True
ENSG00000100505	False	True
ENSG00000164299	False	True
ENSG00000180357	False	True
ENSG00000118564	False	True
ENSG00000111785	False	True
ENSG00000100297	False	True
	False	True
ENSG00000100330	False	True
ENSG00000131876	False	True
ENSG00000138459	False	True
ENSG00000104969	False	True
ENSG00000130669	False	True
ENSG00000277626	False	True
ENSG00000204681	False	True
ENSG00000136819	False	True
ENSG00000163519	False	True
ENSG00000119718	False	True
ENSG00000108799	False	True
ENSG00000177200	False	True
ENSG00000169258	False	True
ENSG00000070366	False	True
ENSG00000282725	False	True
ENSG00000113838	False	True
ENSG00000138801	False	True
ENSG00000103269	False	True
ENSG00000090054	False	True
ENSG00000131725	False	True
ENSG00000196411	False	True
ENSG00000151923	False	True
ENSG00000174059	False	True
ENSG00000080561	False	True
ENSG00000153395	False	True
ENSG00000169946	False	True
ENSG00000102221	False	True
ENSG00000134644	False	True
ENSG00000198369	False	True
ENSG00000274185	False	True
ENSG00000153922	False	True
ENSG00000165169	False	True
ENSG00000168028	False	True
ENSG00000140092	False	True
ENSG00000075089	False	True
ENSG00000064309	False	True
ENSG00000030066	False	True
ENSG00000131697	False	True
ENSG00000101193	False	True
ENSG00000107831	True	True
ENSG00000119878	False	True
ENSG00000137699	False	True
ENSG00000089597	False	True
ENSG00000162599	False	True
ENSG00000177432	False	True
ENSG00000144747	False	True
ENSG00000065989	False	True
ENSG00000132436	False	True
ENSG00000174891	False	True
ENSG00000273514	False	True
ENSG00000056050	False	True
ENSG00000105514	False	True
ENSG00000064961	False	True
ENSG00000267728	False	True
ENSG00000166199	False	True
ENSG00000196547	False	True
ENSG00000105376	False	True
ENSG00000185634	False	True
ENSG00000090020	False	True
ENSG00000083845	False	True
	False	True
ENSG00000165526	False	True
ENSG00000112584	False	True
ENSG00000173805	False	True
ENSG00000122707	False	True
ENSG00000164953	False	True
ENSG00000114450	False	True
ENSG00000183814	False	True
ENSG00000105669	False	True
ENSG00000079337	False	True
ENSG00000196581	False	True
ENSG00000133315	False	True
ENSG00000142156	False	True
ENSG00000069011	False	True
ENSG00000105197	False	True
ENSG00000090924	False	True
ENSG00000171314	False	True
ENSG00000263324	False	True
ENSG00000165775	False	True
ENSG00000184599	False	True
ENSG00000282379	False	True
ENSG00000181929	False	True
ENSG00000167674	False	True
ENSG00000128917	False	True
ENSG00000102984	False	True
ENSG00000077080	False	True
ENSG00000114209	False	True
ENSG00000143556	True	True
ENSG00000187147	False	True
ENSG00000115539	False	True
ENSG00000133111	False	True
ENSG00000165322	False	True
ENSG00000074211	False	True
ENSG00000171345	False	True
ENSG00000163814	False	True
ENSG00000013573	False	True
ENSG00000115816	False	True
ENSG00000116741	False	True
	False	True
ENSG00000188313	False	True
ENSG00000067177	False	True
	False	True
ENSG00000134588	False	True
ENSG00000166233	False	True
ENSG00000146216	False	True
ENSG00000161960	False	True
ENSG00000170775	False	True
ENSG00000136928	False	True
ENSG00000141378	False	True
ENSG00000039600	False	True
ENSG00000076201	False	True
ENSG00000165417	False	True
ENSG00000187601	False	True
ENSG00000115541	False	True
ENSG00000157796	False	True
ENSG00000181938	False	True
ENSG00000157216	False	True
ENSG00000206394	False	True
ENSG00000125148	False	True
ENSG00000101152	False	True
ENSG00000058091	False	True
ENSG00000134871	False	True
ENSG00000121621	False	True
ENSG00000114439	False	True
ENSG00000180332	False	True
ENSG00000122484	False	True
ENSG00000170264	False	True
ENSG00000008118	False	True
ENSG00000134046	False	True
ENSG00000124688	False	True
ENSG00000169764	False	True
ENSG00000157087	False	True
ENSG00000103222	False	True
ENSG00000100578	False	True
ENSG00000106266	False	True
ENSG00000110321	False	True
ENSG00000068831	False	True
ENSG00000143256	False	True
ENSG00000188529	False	True
ENSG00000144711	False	True
ENSG00000155729	False	True
ENSG00000152670	False	True
ENSG00000137221	False	True
ENSG00000115267	False	True
ENSG00000117154	False	True
ENSG00000091879	False	True
ENSG00000168538	False	True
ENSG00000023892	False	True
ENSG00000092847	False	True
ENSG00000138663	False	True
ENSG00000176182	False	True
ENSG00000182973	False	True
ENSG00000069020	False	True
ENSG00000165219	False	True
ENSG00000164076	False	True
ENSG00000088256	True	True
ENSG00000166794	False	True
ENSG00000111321	False	True
ENSG00000100351	False	True
ENSG00000118518	False	True
ENSG00000163395	False	True
ENSG00000134905	False	True
ENSG00000288307	False	True
ENSG00000101654	False	True
ENSG00000211455	False	True
ENSG00000147378	False	True
ENSG00000090432	False	True
ENSG00000130511	False	True
ENSG00000185002	False	True
ENSG00000169071	False	True
ENSG00000128739	False	True
ENSG00000100097	False	True
ENSG00000102524	False	True
ENSG00000107130	False	True
ENSG00000186496	False	True
ENSG00000004846	False	True
ENSG00000064195	False	True
ENSG00000168071	False	True
ENSG00000143398	False	True
ENSG00000105141	False	True
ENSG00000183496	False	True
ENSG00000084754	False	True
ENSG00000147416	False	True
ENSG00000134255	False	True
ENSG00000138646	False	True
ENSG00000116679	False	True
ENSG00000143228	False	True
ENSG00000099810	False	True
ENSG00000119844	False	True
ENSG00000197905	False	True
ENSG00000102996	False	True
ENSG00000104960	False	True
ENSG00000121579	False	True
ENSG00000271303	False	True
ENSG00000078328	False	True
	False	True
ENSG00000164061	False	True
ENSG00000114353	False	True
ENSG00000130751	False	True
ENSG00000261150	False	True
ENSG00000083520	False	True
ENSG00000115041	False	True
ENSG00000132518	False	True
ENSG00000230514	False	True
ENSG00000181240	False	True
ENSG00000116984	False	True
ENSG00000136848	False	True
ENSG00000162595	False	True
ENSG00000272886	False	True
ENSG00000142279	False	True
ENSG00000093009	False	True
ENSG00000205581	False	True
ENSG00000086102	False	True
ENSG00000101361	False	True
ENSG00000173947	False	True
ENSG00000196684	False	True
ENSG00000100526	False	True
ENSG00000071082	False	True
ENSG00000164949	False	True
ENSG00000164047	False	True
ENSG00000125743	False	True
ENSG00000122859	False	True
ENSG00000224379	False	True
ENSG00000095203	False	True
ENSG00000197405	False	True
ENSG00000013275	False	True
ENSG00000140853	False	True
ENSG00000119787	False	True
ENSG00000162739	False	True
ENSG00000048392	False	True
ENSG00000178021	False	True
ENSG00000148019	False	True
ENSG00000255150	False	True
ENSG00000240771	False	True
ENSG00000124641	False	True
ENSG00000182132	False	True
ENSG00000073605	False	True
ENSG00000173258	False	True
ENSG00000173262	False	True
ENSG00000138311	False	True
ENSG00000113722	False	True
ENSG00000142002	False	True
ENSG00000112367	False	True
ENSG00000140543	False	True
ENSG00000175376	False	True
ENSG00000169598	False	True
ENSG00000151650	False	True
ENSG00000104131	False	True
ENSG00000196418	False	True
ENSG00000103769	False	True
ENSG00000115386	False	True
ENSG00000105556	False	True
ENSG00000012223	False	True
ENSG00000060566	False	True
ENSG00000138386	False	True
ENSG00000171475	False	True
ENSG00000160808	False	True
ENSG00000152359	False	True
ENSG00000102109	False	True
ENSG00000276452	False	True
ENSG00000102468	False	True
ENSG00000131171	False	True
ENSG00000186081	False	True
ENSG00000167315	False	True
ENSG00000122223	False	True
ENSG00000012124	False	True
ENSG00000165487	False	True
ENSG00000161036	False	True
ENSG00000173542	False	True
ENSG00000140795	False	True
ENSG00000134480	False	True
ENSG00000139154	False	True
	False	True
ENSG00000143006	False	True
ENSG00000173372	False	True
ENSG00000167815	False	True
ENSG00000114646	False	True
ENSG00000166825	False	True
ENSG00000134460	False	True
ENSG00000126945	False	True
ENSG00000261456	False	True
ENSG00000160712	False	True
ENSG00000101843	False	True
ENSG00000185269	False	True
ENSG00000023909	False	True
ENSG00000152377	False	True
ENSG00000156219	False	True
ENSG00000170260	False	True
ENSG00000152518	False	True
ENSG00000163993	False	True
ENSG00000168269	False	True
ENSG00000174173	False	True
ENSG00000135547	False	True
ENSG00000152457	False	True
ENSG00000168286	False	True
ENSG00000130300	False	True
ENSG00000110799	False	True
ENSG00000151651	False	True
ENSG00000173210	False	True
ENSG00000153060	False	True
ENSG00000162761	False	True
ENSG00000273772	False	True
ENSG00000181722	False	True
ENSG00000105675	False	True
ENSG00000115963	False	True
ENSG00000088827	False	True
ENSG00000170873	False	True
ENSG00000055118	False	True
ENSG00000112739	False	True
ENSG00000060718	False	True
ENSG00000069329	False	True
ENSG00000149257	False	True
ENSG00000145321	False	True
ENSG00000144451	False	True
ENSG00000106477	False	True
ENSG00000105821	False	True
ENSG00000131378	False	True
ENSG00000163884	False	True
ENSG00000167377	False	True
ENSG00000135218	False	True
ENSG00000113303	False	True
ENSG00000179271	False	True
ENSG00000089818	False	True
ENSG00000130164	False	True
ENSG00000147573	False	True
ENSG00000116761	False	True
ENSG00000008838	False	True
ENSG00000152270	False	True
ENSG00000176153	False	True
ENSG00000182533	False	True
ENSG00000166507	False	True
ENSG00000003509	False	True
ENSG00000275730	False	True
ENSG00000264364	False	True
ENSG00000115468	False	True
ENSG00000248905	False	True
ENSG00000120158	False	True
ENSG00000153015	False	True
ENSG00000177106	False	True
ENSG00000196116	False	True
ENSG00000213015	False	True
ENSG00000113790	False	True
ENSG00000169251	False	True
ENSG00000114446	False	True
ENSG00000120254	False	True
ENSG00000106617	False	True
ENSG00000114391	False	True
ENSG00000117152	False	True
ENSG00000180182	False	True
ENSG00000147223	False	True
ENSG00000163584	False	True
ENSG00000111885	False	True
ENSG00000164548	False	True
ENSG00000184451	False	True
ENSG00000105409	False	True
ENSG00000123066	False	True
ENSG00000275717	False	True
ENSG00000157734	False	True
ENSG00000154162	False	True
ENSG00000011600	False	True
ENSG00000054938	False	True
ENSG00000143537	False	True
ENSG00000148672	False	True
ENSG00000050628	False	True
ENSG00000134595	False	True
ENSG00000139625	False	True
ENSG00000171435	False	True
ENSG00000010278	False	True
ENSG00000108839	False	True
ENSG00000163093	False	True
ENSG00000138231	False	True
ENSG00000148120	False	True
ENSG00000177853	False	True
ENSG00000275013	False	True
ENSG00000152503	False	True
ENSG00000103495	False	True
ENSG00000114739	False	True
ENSG00000118526	False	True
ENSG00000285246	False	True
ENSG00000142347	False	True
ENSG00000164107	False	True
ENSG00000197780	False	True
ENSG00000064607	False	True
ENSG00000132305	False	True
ENSG00000197756	False	True
ENSG00000135631	False	True
ENSG00000116962	False	True
ENSG00000165410	False	True
ENSG00000111145	False	True
ENSG00000148229	False	True
ENSG00000140455	False	True
ENSG00000163320	False	True
ENSG00000089041	False	True
ENSG00000154118	False	True
ENSG00000111790	False	True
ENSG00000069018	False	True
ENSG00000143553	False	True
ENSG00000162688	False	True
ENSG00000152253	False	True
ENSG00000122507	False	True
ENSG00000172164	False	True
ENSG00000213020	False	True
ENSG00000055211	False	True
ENSG00000164307	False	True
ENSG00000127831	False	True
ENSG00000163512	False	True
ENSG00000172062	False	True
ENSG00000101346	False	True
ENSG00000119185	False	True
	False	True
ENSG00000134313	False	True
ENSG00000158716	False	True
ENSG00000153179	False	True
ENSG00000181409	False	True
ENSG00000119684	False	True
ENSG00000196365	False	True
ENSG00000115694	False	True
ENSG00000197619	False	True
ENSG00000118508	False	True
ENSG00000136155	False	True
ENSG00000145388	False	True
ENSG00000140365	False	True
ENSG00000183035	False	True
ENSG00000170498	False	True
ENSG00000155090	False	True
ENSG00000164663	False	True
ENSG00000163162	False	True
ENSG00000241484	False	True
ENSG00000197329	False	True
ENSG00000074276	False	True
ENSG00000080802	False	True
ENSG00000063660	False	True
ENSG00000171940	False	True
ENSG00000183010	False	True
ENSG00000035664	False	True
ENSG00000075461	False	True
ENSG00000107262	False	True
ENSG00000204536	False	True
ENSG00000170454	False	True
	False	True
ENSG00000171792	False	True
ENSG00000059588	False	True
ENSG00000128422	False	True
ENSG00000156136	False	True
ENSG00000116132	True	True
ENSG00000175390	False	True
ENSG00000088812	False	True
ENSG00000135018	False	True
ENSG00000180398	False	True
ENSG00000117360	False	True
ENSG00000158055	False	True
ENSG00000111300	False	True
ENSG00000072756	False	True
ENSG00000155897	False	True
ENSG00000132963	False	True
ENSG00000173960	False	True
ENSG00000240303	False	True
ENSG00000106367	False	True
ENSG00000040199	False	True
ENSG00000058262	False	True
ENSG00000100427	False	True
ENSG00000185236	False	True
ENSG00000214022	False	True
ENSG00000178764	False	True
ENSG00000103342	False	True
ENSG00000102241	False	True
ENSG00000111962	False	True
ENSG00000145908	False	True
ENSG00000130477	False	True
ENSG00000138166	False	True
ENSG00000197919	False	True
ENSG00000163568	False	True
ENSG00000179399	True	True
ENSG00000167702	False	True
ENSG00000116661	False	True
ENSG00000062716	False	True
ENSG00000198919	False	True
ENSG00000171703	False	True
ENSG00000174442	False	True
ENSG00000172748	False	True
ENSG00000085719	False	True
ENSG00000028116	False	True
ENSG00000226650	False	True
ENSG00000134363	False	True
ENSG00000167207	False	True
ENSG00000108883	False	True
ENSG00000139437	False	True
ENSG00000167771	False	True
ENSG00000162458	False	True
ENSG00000180263	False	True
ENSG00000167468	False	True
ENSG00000145220	False	True
ENSG00000283153	False	True
ENSG00000114670	False	True
ENSG00000243284	False	True
ENSG00000067829	False	True
ENSG00000119699	False	True
ENSG00000108179	False	True
ENSG00000138075	False	True
ENSG00000159200	False	True
ENSG00000176919	False	True
ENSG00000183098	False	True
ENSG00000077348	False	True
ENSG00000198755	False	True
ENSG00000063515	False	True
ENSG00000133250	False	True
ENSG00000070404	True	True
ENSG00000171611	False	True
ENSG00000177283	False	True
ENSG00000188312	False	True
ENSG00000169919	False	True
ENSG00000110244	False	True
ENSG00000175130	False	True
ENSG00000154305	False	True
ENSG00000248333	False	True
ENSG00000136108	False	True
ENSG00000105576	False	True
ENSG00000146733	False	True
ENSG00000187140	False	True
ENSG00000138639	False	True
ENSG00000164715	False	True
ENSG00000149548	False	True
ENSG00000108506	False	True
ENSG00000148835	False	True
ENSG00000090238	False	True
ENSG00000129654	False	True
ENSG00000164318	False	True
ENSG00000139985	False	True
ENSG00000130770	False	True
ENSG00000179071	False	True
ENSG00000063601	False	True
ENSG00000136695	False	True
ENSG00000143653	False	True
ENSG00000228964	False	True
ENSG00000174611	False	True
ENSG00000185420	False	True
ENSG00000170927	False	True
ENSG00000174429	False	True
ENSG00000167749	False	True
ENSG00000128266	False	True
ENSG00000168398	False	True
ENSG00000141127	False	True
ENSG00000172350	False	True
ENSG00000105492	False	True
ENSG00000121957	False	True
ENSG00000085662	False	True
ENSG00000169188	False	True
ENSG00000125651	False	True
ENSG00000173905	False	True
ENSG00000083535	False	True
ENSG00000129910	False	True
ENSG00000156675	False	True
ENSG00000158828	False	True
ENSG00000020577	False	True
ENSG00000189058	False	True
ENSG00000165584	False	True
ENSG00000088826	False	True
ENSG00000163564	False	True
ENSG00000182149	False	True
ENSG00000163156	False	True
ENSG00000123838	False	True
ENSG00000101448	False	True
ENSG00000136634	True	True
ENSG00000076685	True	True
	False	True
ENSG00000134709	False	True
ENSG00000174123	False	True
ENSG00000197747	False	True
ENSG00000277363	False	True
ENSG00000130783	False	True
ENSG00000184185	False	True
ENSG00000167757	False	True
ENSG00000090554	False	True
ENSG00000105281	False	True
ENSG00000003400	False	True
ENSG00000177981	False	True
ENSG00000103671	False	True
ENSG00000163823	False	True
ENSG00000107651	False	True
ENSG00000106336	False	True
ENSG00000057663	False	True
ENSG00000281763	False	True
ENSG00000165462	False	True
ENSG00000179820	False	True
ENSG00000172301	False	True
ENSG00000283018	False	True
ENSG00000086189	False	True
ENSG00000171873	False	True
ENSG00000146830	False	True
ENSG00000196843	False	True
ENSG00000137760	False	True
ENSG00000175175	False	True
ENSG00000178498	False	True
ENSG00000198824	False	True
ENSG00000091409	False	True
ENSG00000122180	False	True
ENSG00000119938	False	True
ENSG00000170122	False	True
ENSG00000160201	True	True
ENSG00000186049	False	True
ENSG00000167600	False	True
ENSG00000042429	False	True
ENSG00000100426	False	True
ENSG00000230456	False	True
ENSG00000102003	False	True
ENSG00000173418	False	True
ENSG00000145431	False	True
ENSG00000100288	False	True
ENSG00000171462	False	True
ENSG00000145191	False	True
ENSG00000188158	False	True
ENSG00000128242	False	True
ENSG00000125912	False	True
ENSG00000186827	False	True
ENSG00000100034	False	True
ENSG00000005893	False	True
ENSG00000102359	False	True
ENSG00000183691	False	True
ENSG00000132589	False	True
ENSG00000105372	False	True
ENSG00000164934	False	True
ENSG00000151552	False	True
ENSG00000160223	False	True
ENSG00000275931	False	True
ENSG00000149273	False	True
ENSG00000099992	False	True
ENSG00000155313	False	True
ENSG00000163898	False	True
ENSG00000147408	False	True
ENSG00000167210	False	True
ENSG00000198799	False	True
ENSG00000137960	False	True
ENSG00000164292	False	True
ENSG00000111142	False	True
ENSG00000185187	False	True
ENSG00000090989	False	True
ENSG00000025796	False	True
ENSG00000110651	False	True
ENSG00000253873	False	True
ENSG00000160307	False	True
ENSG00000048740	False	True
ENSG00000150540	False	True
ENSG00000115919	False	True
ENSG00000117245	False	True
ENSG00000106723	False	True
ENSG00000101310	False	True
ENSG00000164597	False	True
ENSG00000089199	False	True
ENSG00000277594	False	True
ENSG00000117906	False	True
ENSG00000103479	False	True
ENSG00000141026	False	True
ENSG00000130699	False	True
ENSG00000110700	False	True
ENSG00000004468	False	True
ENSG00000096746	False	True
ENSG00000158050	False	True
ENSG00000204673	False	True
ENSG00000103154	False	True
ENSG00000135324	False	True
ENSG00000123329	False	True
ENSG00000177963	False	True
ENSG00000175198	False	True
ENSG00000181467	False	True
ENSG00000180938	False	True
ENSG00000183837	False	True
	False	True
ENSG00000213199	False	True
ENSG00000067248	False	True
ENSG00000170214	False	True
ENSG00000139675	False	True
ENSG00000163736	False	True
ENSG00000156831	False	True
ENSG00000118217	False	True
ENSG00000111229	False	True
ENSG00000177697	False	True
ENSG00000138071	False	True
ENSG00000102362	False	True
ENSG00000028528	False	True
ENSG00000143393	False	True
ENSG00000105649	False	True
ENSG00000100714	False	True
ENSG00000110675	False	True
ENSG00000107223	False	True
ENSG00000213079	False	True
ENSG00000105996	False	True
ENSG00000198089	False	True
ENSG00000121691	False	True
ENSG00000164442	False	True
ENSG00000037474	False	True
ENSG00000099917	False	True
ENSG00000108381	False	True
ENSG00000117115	False	True
ENSG00000035499	False	True
ENSG00000094880	False	True
ENSG00000135596	False	True
ENSG00000115274	False	True
ENSG00000178913	False	True
ENSG00000196639	False	True
ENSG00000163501	False	True
ENSG00000108830	False	True
ENSG00000214063	False	True
ENSG00000131351	False	True
ENSG00000170423	False	True
ENSG00000130826	False	True
ENSG00000284967	False	True
ENSG00000135999	False	True
ENSG00000162510	False	True
ENSG00000188566	False	True
ENSG00000174197	False	True
ENSG00000132424	False	True
ENSG00000174243	False	True
ENSG00000109775	False	True
ENSG00000111046	False	True
ENSG00000162738	False	True
ENSG00000080298	False	True
ENSG00000110921	False	True
ENSG00000070540	False	True
ENSG00000116396	False	True
ENSG00000066084	False	True
ENSG00000183785	False	True
ENSG00000082458	False	True
ENSG00000128585	False	True
ENSG00000049283	False	True
ENSG00000013561	False	True
ENSG00000116852	False	True
ENSG00000102871	False	True
ENSG00000211896	False	True
ENSG00000092208	False	True
ENSG00000101608	False	True
ENSG00000162063	False	True
ENSG00000014824	False	True
ENSG00000138109	False	True
ENSG00000008516	False	True
ENSG00000185742	False	True
ENSG00000100225	False	True
ENSG00000185527	False	True
ENSG00000080293	False	True
ENSG00000112414	False	True
ENSG00000185652	False	True
ENSG00000169550	False	True
ENSG00000003393	False	True
ENSG00000214717	False	True
ENSG00000090776	False	True
ENSG00000266173	False	True
ENSG00000107938	False	True
ENSG00000155980	False	True
ENSG00000144191	False	True
ENSG00000100211	False	True
ENSG00000114125	False	True
ENSG00000148303	False	True
ENSG00000111670	False	True
ENSG00000164171	False	True
ENSG00000274853	False	True
ENSG00000173369	False	True
ENSG00000152234	False	True
ENSG00000276432	False	True
ENSG00000158488	False	True
ENSG00000100867	False	True
ENSG00000108578	False	True
ENSG00000104177	False	True
ENSG00000159164	False	True
ENSG00000104760	False	True
	False	True
ENSG00000214367	False	True
ENSG00000110958	False	True
ENSG00000237103	False	True
ENSG00000129351	False	True
ENSG00000161594	False	True
ENSG00000010438	False	True
ENSG00000066629	False	True
ENSG00000162687	False	True
ENSG00000177238	False	True
ENSG00000110492	False	True
ENSG00000129355	False	True
ENSG00000050555	False	True
ENSG00000181104	False	True
ENSG00000034971	False	True
ENSG00000123728	False	True
ENSG00000021574	False	True
ENSG00000197641	False	True
ENSG00000130529	False	True
ENSG00000167513	False	True
ENSG00000163600	False	True
ENSG00000120992	False	True
ENSG00000101255	False	True
ENSG00000117984	False	True
ENSG00000169371	False	True
ENSG00000100146	False	True
ENSG00000027697	False	True
ENSG00000275099	False	True
ENSG00000174780	False	True
ENSG00000140941	False	True
ENSG00000172262	False	True
ENSG00000153563	False	True
ENSG00000197863	False	True
ENSG00000177239	False	True
ENSG00000123992	False	True
ENSG00000183963	False	True
ENSG00000100490	False	True
ENSG00000114738	False	True
ENSG00000139684	False	True
ENSG00000105538	False	True
ENSG00000074370	False	True
ENSG00000136982	False	True
ENSG00000138135	False	True
ENSG00000069345	False	True
ENSG00000110148	False	True
ENSG00000148848	False	True
ENSG00000151846	False	True
ENSG00000151348	True	True
ENSG00000145794	False	True
ENSG00000163029	False	True
ENSG00000151746	False	True
ENSG00000116793	False	True
ENSG00000110104	False	True
ENSG00000146112	False	True
ENSG00000178252	False	True
ENSG00000174130	False	True
ENSG00000112294	False	True
ENSG00000077942	False	True
ENSG00000130303	False	True
ENSG00000141933	False	True
ENSG00000169508	False	True
ENSG00000159399	False	True
ENSG00000108829	False	True
ENSG00000104341	False	True
	False	True
ENSG00000068654	False	True
ENSG00000164111	False	True
ENSG00000053747	False	True
ENSG00000102021	False	True
ENSG00000283777	False	True
ENSG00000021645	False	True
ENSG00000136870	False	True
ENSG00000162572	False	True
ENSG00000136319	False	True
ENSG00000136240	False	True
ENSG00000120805	False	True
ENSG00000106459	False	True
ENSG00000101003	False	True
ENSG00000169760	False	True
ENSG00000170989	False	True
ENSG00000131828	False	True
ENSG00000164162	False	True
ENSG00000144713	False	True
ENSG00000198502	False	True
ENSG00000164070	False	True
ENSG00000130811	False	True
ENSG00000204946	False	True
ENSG00000107672	False	True
ENSG00000095777	False	True
ENSG00000183576	False	True
ENSG00000123360	False	True
ENSG00000110711	False	True
ENSG00000102172	False	True
ENSG00000152592	False	True
ENSG00000164776	False	True
ENSG00000214513	False	True
ENSG00000169562	False	True
ENSG00000186812	False	True
ENSG00000130227	False	True
ENSG00000123395	False	True
ENSG00000010244	False	True
ENSG00000137843	False	True
ENSG00000179546	False	True
ENSG00000172349	False	True
ENSG00000112365	False	True
ENSG00000123352	False	True
ENSG00000053918	False	True
ENSG00000119715	False	True
ENSG00000168461	False	True
ENSG00000171914	False	True
ENSG00000146802	False	True
ENSG00000090006	False	True
ENSG00000196091	False	True
ENSG00000146457	False	True
ENSG00000111726	False	True
ENSG00000143815	False	True
ENSG00000042088	False	True
ENSG00000165801	False	True
ENSG00000280616	False	True
ENSG00000071282	False	True
ENSG00000129084	False	True
ENSG00000038945	False	True
ENSG00000104872	False	True
ENSG00000177548	False	True
ENSG00000124713	False	True
ENSG00000204842	False	True
ENSG00000147166	False	True
ENSG00000170426	False	True
ENSG00000083896	False	True
ENSG00000132953	False	True
ENSG00000182768	False	True
ENSG00000143621	False	True
ENSG00000196074	False	True
ENSG00000160602	False	True
ENSG00000142546	False	True
ENSG00000177791	False	True
ENSG00000043039	False	True
ENSG00000172667	False	True
ENSG00000006704	False	True
ENSG00000102580	False	True
ENSG00000008438	False	True
ENSG00000096093	False	True
ENSG00000182255	False	True
ENSG00000276358	False	True
ENSG00000122550	False	True
ENSG00000155792	False	True
ENSG00000073969	False	True
ENSG00000174032	False	True
ENSG00000179604	False	True
ENSG00000184110	False	True
ENSG00000144891	False	True
ENSG00000099864	False	True
ENSG00000186862	False	True
ENSG00000198908	False	True
ENSG00000240505	False	True
ENSG00000125944	False	True
ENSG00000135424	False	True
ENSG00000244462	False	True
	False	True
	False	True
ENSG00000160193	False	True
ENSG00000132692	False	True
ENSG00000117697	False	True
ENSG00000151748	False	True
ENSG00000113212	False	True
	False	True
ENSG00000131242	False	True
ENSG00000126218	False	True
ENSG00000263002	False	True
ENSG00000081014	False	True
ENSG00000282019	False	True
ENSG00000070778	False	True
ENSG00000104722	False	True
ENSG00000127863	False	True
ENSG00000113971	False	True
ENSG00000103507	False	True
ENSG00000104671	False	True
ENSG00000130159	False	True
ENSG00000101180	False	True
ENSG00000151292	False	True
ENSG00000074621	False	True
ENSG00000139626	False	True
ENSG00000130270	False	True
ENSG00000066248	False	True
ENSG00000140307	False	True
ENSG00000167470	False	True
ENSG00000167393	False	True
ENSG00000064225	False	True
ENSG00000095713	False	True
ENSG00000142512	False	True
ENSG00000105894	False	True
ENSG00000205323	False	True
ENSG00000100991	False	True
ENSG00000107282	False	True
ENSG00000105426	False	True
ENSG00000177138	False	True
ENSG00000183255	False	True
ENSG00000078902	False	True
ENSG00000026751	False	True
ENSG00000182175	False	True
ENSG00000105607	False	True
ENSG00000107833	False	True
ENSG00000196352	False	True
ENSG00000187021	False	True
ENSG00000178585	False	True
ENSG00000265681	False	True
ENSG00000105186	False	True
ENSG00000148704	False	True
ENSG00000022355	False	True
ENSG00000282752	False	True
ENSG00000285049	False	True
ENSG00000102385	False	True
ENSG00000165140	False	True
ENSG00000116977	False	True
ENSG00000123737	False	True
ENSG00000172889	False	True
ENSG00000047315	False	True
ENSG00000139174	False	True
ENSG00000197785	False	True
ENSG00000158435	False	True
ENSG00000059145	False	True
ENSG00000135720	False	True
ENSG00000113739	False	True
ENSG00000188452	False	True
ENSG00000181072	False	True
ENSG00000166224	False	True
ENSG00000122176	False	True
ENSG00000140511	False	True
ENSG00000132382	False	True
ENSG00000002726	False	True
ENSG00000120907	False	True
ENSG00000151388	False	True
ENSG00000188643	False	True
ENSG00000074527	False	True
ENSG00000133134	False	True
ENSG00000115459	False	True
ENSG00000142655	False	True
ENSG00000117298	False	True
ENSG00000243414	False	True
ENSG00000174989	False	True
ENSG00000165891	False	True
ENSG00000003436	False	True
ENSG00000164749	False	True
ENSG00000154451	False	True
ENSG00000149503	False	True
ENSG00000213588	False	True
ENSG00000149131	False	True
ENSG00000120896	False	True
ENSG00000278644	False	True
ENSG00000128872	False	True
ENSG00000072364	True	True
ENSG00000112782	False	True
ENSG00000005108	False	True
ENSG00000143622	False	True
ENSG00000152086	False	True
ENSG00000144228	False	True
ENSG00000163682	False	True
ENSG00000109381	False	True
ENSG00000120265	False	True
ENSG00000152977	False	True
ENSG00000198815	False	True
ENSG00000173267	False	True
ENSG00000076554	False	True
ENSG00000085999	False	True
ENSG00000060558	False	True
ENSG00000100941	False	True
ENSG00000198242	False	True
ENSG00000128849	False	True
ENSG00000119616	False	True
ENSG00000077264	False	True
ENSG00000179603	False	True
ENSG00000101605	False	True
ENSG00000088888	False	True
ENSG00000133069	False	True
ENSG00000107614	False	True
ENSG00000041515	False	True
ENSG00000187840	False	True
ENSG00000111846	False	True
ENSG00000134775	False	True
ENSG00000076650	False	True
ENSG00000030582	False	True
ENSG00000159202	False	True
ENSG00000173227	False	True
ENSG00000105755	False	True
ENSG00000077254	False	True
ENSG00000134249	False	True
ENSG00000007384	False	True
ENSG00000173641	False	True
	False	True
ENSG00000095380	False	True
ENSG00000165841	False	True
ENSG00000288118	False	True
ENSG00000163510	False	True
ENSG00000179532	False	True
ENSG00000129460	False	True
ENSG00000173744	False	True
ENSG00000119318	False	True
ENSG00000112200	False	True
ENSG00000196141	False	True
ENSG00000105856	False	True
ENSG00000073754	False	True
ENSG00000124541	False	True
ENSG00000284194	False	True
ENSG00000171311	False	True
ENSG00000087903	False	True
ENSG00000137673	True	True
ENSG00000153048	False	True
ENSG00000126804	False	True
ENSG00000155959	False	True
ENSG00000111348	False	True
ENSG00000053702	False	True
ENSG00000135919	False	True
ENSG00000029993	False	True
ENSG00000166169	False	True
ENSG00000203859	False	True
ENSG00000141433	False	True
ENSG00000175206	False	True
ENSG00000081154	False	True
ENSG00000186976	False	True
ENSG00000089195	False	True
ENSG00000106633	False	True
ENSG00000177842	False	True
ENSG00000106554	False	True
ENSG00000160949	False	True
ENSG00000275066	False	True
ENSG00000178567	False	True
ENSG00000171604	False	True
ENSG00000169220	False	True
ENSG00000079931	False	True
ENSG00000167461	False	True
ENSG00000198523	False	True
	False	True
ENSG00000197915	False	True
ENSG00000042286	False	True
ENSG00000011590	False	True
ENSG00000135638	False	True
ENSG00000171357	False	True
ENSG00000101132	False	True
ENSG00000241878	False	True
ENSG00000184160	False	True
ENSG00000111199	False	True
ENSG00000064666	False	True
ENSG00000104450	False	True
ENSG00000011332	False	True
ENSG00000160654	False	True
ENSG00000111880	False	True
ENSG00000076944	False	True
ENSG00000064218	False	True
ENSG00000164896	False	True
ENSG00000135801	False	True
ENSG00000105270	False	True
ENSG00000115648	False	True
ENSG00000284983	False	True
ENSG00000240184	False	True
ENSG00000145425	False	True
ENSG00000113083	False	True
ENSG00000064547	False	True
ENSG00000151474	False	True
ENSG00000144579	False	True
ENSG00000131899	False	True
ENSG00000122417	False	True
ENSG00000104863	False	True
ENSG00000132329	False	True
ENSG00000048162	False	True
ENSG00000263141	False	True
ENSG00000198055	False	True
ENSG00000047634	False	True
ENSG00000165995	False	True
ENSG00000083290	False	True
ENSG00000276231	False	True
ENSG00000105404	False	True
ENSG00000198576	False	True
ENSG00000105997	False	True
ENSG00000196136	False	True
ENSG00000174938	False	True
ENSG00000117475	False	True
ENSG00000285258	False	True
ENSG00000110934	False	True
ENSG00000126522	False	True
ENSG00000088320	False	True
ENSG00000163125	False	True
ENSG00000206538	False	True
ENSG00000133704	False	True
ENSG00000143858	False	True
ENSG00000105371	False	True
ENSG00000141279	False	True
ENSG00000144369	False	True
ENSG00000179409	False	True
ENSG00000025423	False	True
ENSG00000167182	False	True
ENSG00000072163	False	True
ENSG00000187257	False	True
ENSG00000164023	False	True
ENSG00000131931	False	True
ENSG00000114854	False	True
ENSG00000152061	False	True
ENSG00000149256	False	True
ENSG00000163673	False	True
ENSG00000182557	False	True
ENSG00000166716	False	True
ENSG00000095383	False	True
ENSG00000165175	False	True
ENSG00000125730	False	True
ENSG00000106089	False	True
ENSG00000072121	False	True
ENSG00000164587	False	True
ENSG00000164736	True	True
ENSG00000101883	False	True
ENSG00000120451	False	True
ENSG00000002587	False	True
ENSG00000059122	False	True
ENSG00000167208	False	True
ENSG00000198734	False	True
ENSG00000007402	False	True
ENSG00000124164	False	True
ENSG00000284869	False	True
ENSG00000184436	False	True
ENSG00000197958	False	True
ENSG00000074964	True	True
ENSG00000081248	False	True
ENSG00000170860	False	True
ENSG00000169900	False	True
ENSG00000166340	False	True
ENSG00000081803	False	True
ENSG00000179455	False	True
ENSG00000184840	False	True
ENSG00000025800	False	True
ENSG00000177807	False	True
ENSG00000125826	False	True
ENSG00000101182	False	True
ENSG00000108448	False	True
ENSG00000121101	False	True
ENSG00000172795	False	True
ENSG00000160469	False	True
ENSG00000140534	False	True
ENSG00000198113	False	True
ENSG00000137996	False	True
ENSG00000288318	False	True
ENSG00000136699	False	True
ENSG00000172354	False	True
ENSG00000089220	False	True
ENSG00000173545	False	True
ENSG00000161509	False	True
ENSG00000102805	False	True
ENSG00000104894	False	True
ENSG00000089335	False	True
ENSG00000089157	False	True
ENSG00000103264	False	True
ENSG00000005020	False	True
ENSG00000108306	False	True
ENSG00000151502	False	True
ENSG00000254221	False	True
ENSG00000275618	False	True
ENSG00000160214	False	True
ENSG00000185024	False	True
ENSG00000135409	False	True
ENSG00000281244	False	True
ENSG00000115993	False	True
ENSG00000168118	False	True
ENSG00000172009	False	True
ENSG00000163666	False	True
ENSG00000151577	False	True
ENSG00000157193	False	True
ENSG00000184735	False	True
ENSG00000171115	False	True
ENSG00000002586	False	True
ENSG00000166979	False	True
ENSG00000125482	False	True
ENSG00000106588	False	True
ENSG00000184205	False	True
ENSG00000029153	False	True
ENSG00000099901	False	True
ENSG00000012232	False	True
ENSG00000067057	False	True
ENSG00000011523	False	True
ENSG00000120500	False	True
ENSG00000282003	False	True
ENSG00000106804	False	True
ENSG00000112245	False	True
ENSG00000183773	False	True
ENSG00000039537	False	True
ENSG00000152804	False	True
ENSG00000182732	False	True
ENSG00000048405	False	True
ENSG00000120820	False	True
ENSG00000160410	False	True
ENSG00000186480	False	True
ENSG00000007392	False	True
ENSG00000114316	False	True
ENSG00000101745	False	True
ENSG00000132467	False	True
ENSG00000163430	False	True
ENSG00000105289	False	True
ENSG00000112530	False	True
ENSG00000172497	False	True
ENSG00000166263	False	True
ENSG00000106868	False	True
ENSG00000071127	False	True
ENSG00000157064	False	True
ENSG00000085721	False	True
ENSG00000175564	False	True
ENSG00000137200	False	True
ENSG00000158869	False	True
ENSG00000182040	False	True
ENSG00000120949	False	True
ENSG00000160883	False	True
ENSG00000237344	False	True
ENSG00000179912	False	True
ENSG00000143479	False	True
ENSG00000138668	False	True
ENSG00000197893	False	True
ENSG00000138587	False	True
ENSG00000121858	False	True
ENSG00000183258	False	True
ENSG00000215114	False	True
ENSG00000007952	False	True
ENSG00000153767	False	True
ENSG00000077454	False	True
ENSG00000163964	False	True
ENSG00000197415	False	True
ENSG00000076770	False	True
ENSG00000105982	False	True
ENSG00000186038	False	True
ENSG00000014919	False	True
ENSG00000185033	False	True
ENSG00000186193	False	True
ENSG00000125257	False	True
ENSG00000175482	False	True
ENSG00000089639	False	True
ENSG00000169062	False	True
ENSG00000161692	False	True
ENSG00000122644	False	True
ENSG00000116329	False	True
ENSG00000148600	False	True
ENSG00000112116	False	True
ENSG00000082512	False	True
ENSG00000230763	False	True
ENSG00000143164	False	True
ENSG00000106803	False	True
ENSG00000076826	False	True
ENSG00000170290	False	True
ENSG00000110435	False	True
ENSG00000156709	False	True
ENSG00000139200	False	True
ENSG00000124074	False	True
ENSG00000174982	False	True
ENSG00000106305	False	True
ENSG00000278759	False	True
ENSG00000069974	False	True
ENSG00000284068	False	True
ENSG00000134013	False	True
ENSG00000109107	False	True
ENSG00000125864	False	True
ENSG00000169714	True	True
ENSG00000089693	False	True
ENSG00000114126	False	True
ENSG00000167005	False	True
ENSG00000163291	False	True
ENSG00000181552	False	True
ENSG00000075340	False	True
ENSG00000173702	False	True
ENSG00000024422	False	True
ENSG00000160917	False	True
ENSG00000146477	False	True
ENSG00000187595	False	True
ENSG00000198756	False	True
ENSG00000138433	False	True
ENSG00000104611	False	True
ENSG00000179097	False	True
ENSG00000162461	False	True
ENSG00000137880	False	True
ENSG00000108774	False	True
ENSG00000161634	False	True
ENSG00000126091	False	True
ENSG00000139722	False	True
ENSG00000144959	False	True
ENSG00000142168	False	True
ENSG00000198026	False	True
ENSG00000056586	False	True
ENSG00000118162	False	True
ENSG00000160703	False	True
ENSG00000103313	False	True
ENSG00000169992	False	True
ENSG00000184445	False	True
ENSG00000143851	False	True
ENSG00000158769	False	True
ENSG00000171320	False	True
ENSG00000154001	False	True
ENSG00000126461	False	True
ENSG00000122026	False	True
ENSG00000008018	False	True
ENSG00000147509	False	True
ENSG00000120324	False	True
ENSG00000159231	False	True
	False	True
ENSG00000146285	False	True
ENSG00000215182	False	True
ENSG00000171723	True	True
ENSG00000168309	False	True
ENSG00000196110	False	True
ENSG00000162344	False	True
ENSG00000198807	False	True
ENSG00000187037	False	True
ENSG00000179639	False	True
ENSG00000104154	False	True
ENSG00000110925	False	True
ENSG00000277791	False	True
ENSG00000183741	False	True
ENSG00000275499	False	True
ENSG00000134910	False	True
ENSG00000104756	False	True
ENSG00000171049	False	True
ENSG00000073008	False	True
ENSG00000115718	False	True
ENSG00000078295	False	True
ENSG00000284120	False	True
ENSG00000114573	False	True
ENSG00000160796	False	True
ENSG00000198740	False	True
ENSG00000149596	False	True
ENSG00000079112	True	True
ENSG00000082556	False	True
ENSG00000205944	False	True
ENSG00000124383	False	True
ENSG00000132874	False	True
ENSG00000136045	False	True
ENSG00000138326	False	True
ENSG00000167685	False	True
ENSG00000092010	False	True
ENSG00000082146	False	True
ENSG00000064995	False	True
ENSG00000124702	False	True
ENSG00000148688	False	True
ENSG00000205076	False	True
ENSG00000112186	False	True
ENSG00000116815	False	True
ENSG00000182667	False	True
ENSG00000138674	False	True
ENSG00000173653	False	True
ENSG00000197728	False	True
ENSG00000037749	False	True
ENSG00000159713	False	True
ENSG00000167196	False	True
ENSG00000117868	False	True
ENSG00000094914	False	True
ENSG00000196132	False	True
ENSG00000185818	False	True
ENSG00000175084	False	True
ENSG00000105193	False	True
ENSG00000239857	False	True
ENSG00000151176	False	True
ENSG00000198836	False	True
ENSG00000197498	False	True
ENSG00000107020	False	True
ENSG00000155962	False	True
ENSG00000115590	False	True
ENSG00000188487	False	True
ENSG00000163389	False	True
ENSG00000136478	False	True
ENSG00000167874	False	True
ENSG00000115155	False	True
ENSG00000213390	False	True
ENSG00000187772	False	True
ENSG00000167775	False	True
ENSG00000165695	False	True
ENSG00000010295	False	True
ENSG00000118507	False	True
ENSG00000213347	False	True
ENSG00000232062	False	True
ENSG00000130560	False	True
ENSG00000110090	False	True
ENSG00000136463	False	True
ENSG00000118194	False	True
ENSG00000110074	False	True
ENSG00000182326	False	True
ENSG00000070748	False	True
ENSG00000172554	False	True
ENSG00000167286	False	True
ENSG00000270885	False	True
ENSG00000104812	False	True
ENSG00000139531	False	True
ENSG00000166669	False	True
ENSG00000134627	False	True
ENSG00000181965	False	True
ENSG00000175445	False	True
ENSG00000085377	False	True
ENSG00000102287	False	True
ENSG00000104435	False	True
ENSG00000124155	False	True
ENSG00000073060	False	True
ENSG00000125910	False	True
ENSG00000282854	False	True
ENSG00000183309	False	True
ENSG00000169895	False	True
ENSG00000147799	False	True
ENSG00000164649	False	True
ENSG00000125149	False	True
ENSG00000131400	False	True
ENSG00000100385	False	True
ENSG00000048462	True	True
ENSG00000168067	False	True
ENSG00000132704	False	True
ENSG00000133316	False	True
ENSG00000107249	False	True
ENSG00000135077	False	True
ENSG00000168297	False	True
ENSG00000196344	False	True
ENSG00000173614	False	True
ENSG00000108688	False	True
ENSG00000243232	False	True
ENSG00000184743	False	True
ENSG00000125741	False	True
	False	True
ENSG00000122574	False	True
ENSG00000125848	False	True
ENSG00000112499	False	True
ENSG00000244038	False	True
ENSG00000166816	False	True
ENSG00000107789	False	True
ENSG00000006282	False	True
ENSG00000181804	False	True
ENSG00000168056	False	True
ENSG00000165861	False	True
ENSG00000172594	False	True
ENSG00000172232	False	True
ENSG00000162923	False	True
ENSG00000063438	False	True
ENSG00000149564	False	True
ENSG00000148513	False	True
ENSG00000137098	False	True
ENSG00000198911	False	True
ENSG00000059378	False	True
ENSG00000174697	False	True
ENSG00000100764	False	True
ENSG00000177602	False	True
ENSG00000092421	False	True
ENSG00000133710	False	True
ENSG00000145075	False	True
ENSG00000166482	False	True
ENSG00000122218	False	True
ENSG00000137145	False	True
ENSG00000011677	False	True
ENSG00000198785	False	True
ENSG00000035681	False	True
ENSG00000107949	False	True
ENSG00000138767	False	True
ENSG00000187097	False	True
ENSG00000160396	False	True
ENSG00000113300	False	True
ENSG00000104805	False	True
ENSG00000165215	False	True
ENSG00000269404	False	True
ENSG00000178235	False	True
ENSG00000100739	False	True
ENSG00000078070	False	True
ENSG00000080823	False	True
ENSG00000180914	False	True
ENSG00000184979	False	True
ENSG00000184492	False	True
ENSG00000131482	False	True
ENSG00000120659	False	True
ENSG00000092140	False	True
ENSG00000108344	False	True
ENSG00000143493	False	True
ENSG00000143842	False	True
ENSG00000166582	False	True
ENSG00000103994	False	True
ENSG00000185070	False	True
ENSG00000118473	False	True
ENSG00000101901	False	True
ENSG00000104356	False	True
ENSG00000081320	False	True
ENSG00000213689	False	True
ENSG00000131153	False	True
ENSG00000183479	False	True
ENSG00000149313	False	True
ENSG00000131503	False	True
ENSG00000196954	False	True
ENSG00000262334	False	True
ENSG00000061337	False	True
ENSG00000006607	False	True
ENSG00000162881	False	True
ENSG00000130299	False	True
ENSG00000121769	False	True
ENSG00000161905	False	True
ENSG00000156298	False	True
ENSG00000033050	False	True
ENSG00000165476	False	True
ENSG00000002919	False	True
ENSG00000173546	False	True
ENSG00000064199	False	True
ENSG00000260325	False	True
ENSG00000106665	False	True
ENSG00000227460	False	True
ENSG00000159176	False	True
ENSG00000183763	False	True
ENSG00000175602	False	True
ENSG00000154222	False	True
ENSG00000164690	False	True
ENSG00000138207	False	True
ENSG00000161513	False	True
ENSG00000023318	False	True
ENSG00000167191	False	True
ENSG00000167840	False	True
ENSG00000198353	False	True
ENSG00000256812	False	True
ENSG00000110075	False	True
ENSG00000163485	False	True
ENSG00000174996	False	True
ENSG00000281178	False	True
ENSG00000160856	False	True
ENSG00000169902	False	True
ENSG00000269190	False	True
ENSG00000115540	False	True
ENSG00000173402	False	True
ENSG00000129988	False	True
ENSG00000198597	False	True
ENSG00000171794	False	True
ENSG00000144231	False	True
ENSG00000196584	False	True
ENSG00000146278	False	True
ENSG00000170791	True	True
ENSG00000087470	False	True
ENSG00000185974	False	True
ENSG00000142330	False	True
ENSG00000133739	False	True
ENSG00000143178	False	True
ENSG00000198853	False	True
ENSG00000137875	False	True
ENSG00000108947	False	True
ENSG00000095303	False	True
ENSG00000143742	False	True
ENSG00000111196	False	True
ENSG00000203760	False	True
ENSG00000137821	False	True
ENSG00000084070	False	True
	False	True
ENSG00000198034	False	True
ENSG00000169129	False	True
ENSG00000099256	False	True
ENSG00000115380	False	True
ENSG00000166250	False	True
ENSG00000138101	False	True
ENSG00000079435	False	True
ENSG00000115657	False	True
ENSG00000101216	False	False
ENSG00000179403	False	False
ENSG00000139970	False	False
ENSG00000005194	False	False
ENSG00000198355	False	False
ENSG00000110876	False	False
ENSG00000128578	False	False
ENSG00000104412	False	False
ENSG00000164347	False	False
ENSG00000132819	False	False
	False	False
ENSG00000187626	False	False
ENSG00000146006	False	False
ENSG00000114904	False	False
ENSG00000084636	False	False
ENSG00000103034	False	False
ENSG00000010327	False	False
ENSG00000108384	False	False
ENSG00000138759	False	False
	False	False
ENSG00000112357	False	False
ENSG00000206395	False	False
ENSG00000241685	False	False
ENSG00000132485	False	False
ENSG00000187244	False	False
ENSG00000176896	False	False
ENSG00000106052	False	False
ENSG00000102178	False	False
ENSG00000102218	False	False
ENSG00000188763	False	False
ENSG00000006283	False	False
ENSG00000132600	False	False
ENSG00000189299	False	False
ENSG00000188404	False	False
ENSG00000164687	False	False
ENSG00000197894	False	False
ENSG00000008277	False	False
ENSG00000160688	False	False
ENSG00000127564	False	False
ENSG00000124802	False	False
ENSG00000090612	False	False
ENSG00000135924	False	False
ENSG00000162728	False	False
ENSG00000000971	False	False
ENSG00000133318	False	False
ENSG00000100796	False	False
ENSG00000141562	False	False
ENSG00000197381	False	False
ENSG00000154721	False	False
ENSG00000136193	False	False
ENSG00000167604	False	False
ENSG00000124839	False	False
ENSG00000137942	False	False
ENSG00000153936	False	False
ENSG00000183549	False	False
ENSG00000137270	False	False
ENSG00000105254	False	False
ENSG00000072182	False	False
ENSG00000154188	False	False
ENSG00000165630	False	False
ENSG00000111269	False	False
ENSG00000185176	False	False
ENSG00000107175	False	False
ENSG00000182389	False	False
ENSG00000119929	False	False
ENSG00000188613	False	False
ENSG00000168374	False	False
ENSG00000010404	False	False
ENSG00000130193	False	False
ENSG00000106327	False	False
ENSG00000134186	False	False
ENSG00000131471	False	False
ENSG00000213949	False	False
ENSG00000164068	False	False
ENSG00000174738	False	False
ENSG00000168334	False	False
ENSG00000135821	False	False
ENSG00000261701	False	False
ENSG00000184014	False	False
ENSG00000115252	False	False
ENSG00000167889	False	False
ENSG00000169087	False	False
ENSG00000104537	False	False
ENSG00000141200	False	False
ENSG00000170703	False	False
ENSG00000172568	False	False
ENSG00000120053	False	False
ENSG00000183527	False	False
ENSG00000115307	False	False
ENSG00000102575	False	False
ENSG00000172890	False	False
ENSG00000288299	False	False
ENSG00000204577	False	False
ENSG00000138675	False	False
ENSG00000107951	False	False
ENSG00000132964	False	False
ENSG00000064313	False	False
ENSG00000288295	False	False
ENSG00000165379	False	False
ENSG00000205359	False	False
ENSG00000197324	False	False
ENSG00000172269	False	False
ENSG00000082074	False	False
ENSG00000167916	False	False
ENSG00000108771	False	False
ENSG00000133243	False	False
ENSG00000177674	False	False
ENSG00000062194	False	False
ENSG00000115318	False	False
ENSG00000198700	False	False
	False	False
ENSG00000147481	False	False
ENSG00000021300	False	False
ENSG00000122852	False	False
ENSG00000143368	False	False
ENSG00000157680	False	False
ENSG00000007062	False	False
ENSG00000132681	False	False
ENSG00000095319	False	False
ENSG00000110011	False	False
ENSG00000259431	False	False
ENSG00000171867	False	False
ENSG00000282972	False	False
ENSG00000120215	False	False
ENSG00000196313	False	False
ENSG00000121361	False	False
ENSG00000163702	False	False
ENSG00000115840	False	False
ENSG00000134253	False	False
ENSG00000168757	False	False
ENSG00000111732	False	False
ENSG00000176435	False	False
ENSG00000147488	False	False
ENSG00000091164	False	False
ENSG00000134317	False	False
ENSG00000115946	False	False
ENSG00000165566	False	False
ENSG00000171453	False	False
ENSG00000169894	False	False
ENSG00000221926	False	False
ENSG00000133103	False	False
ENSG00000103485	False	False
ENSG00000125844	False	False
ENSG00000101197	False	False
ENSG00000106993	False	False
ENSG00000176978	False	False
ENSG00000196502	False	False
ENSG00000117593	False	False
ENSG00000166889	False	False
ENSG00000072506	False	False
ENSG00000224748	False	False
ENSG00000140391	False	False
ENSG00000163938	False	False
ENSG00000170011	False	False
ENSG00000111897	False	False
ENSG00000144354	False	False
ENSG00000133063	False	False
ENSG00000221818	False	False
ENSG00000165672	False	False
ENSG00000139350	False	False
ENSG00000163803	False	False
ENSG00000105771	False	False
ENSG00000111669	False	False
ENSG00000154122	False	False
ENSG00000156502	False	False
ENSG00000180616	False	False
ENSG00000151229	False	False
ENSG00000110328	False	False
ENSG00000180448	False	False
ENSG00000206256	False	False
ENSG00000163281	False	False
ENSG00000139540	False	False
ENSG00000143373	False	False
ENSG00000129103	False	False
ENSG00000167394	False	False
ENSG00000137261	False	False
ENSG00000136535	False	False
ENSG00000180902	False	False
ENSG00000154736	False	False
ENSG00000185009	False	False
ENSG00000158161	False	False
ENSG00000101447	False	False
ENSG00000103145	False	False
ENSG00000137815	False	False
ENSG00000102743	False	False
ENSG00000186088	False	False
ENSG00000141682	False	False
ENSG00000064601	False	False
ENSG00000189334	False	False
ENSG00000166532	False	False
ENSG00000185345	False	False
ENSG00000118004	False	False
ENSG00000134202	False	False
ENSG00000206283	False	False
ENSG00000175183	False	False
ENSG00000112333	False	False
ENSG00000160991	False	False
ENSG00000157191	False	False
ENSG00000053372	False	False
ENSG00000184731	False	False
ENSG00000116580	False	False
ENSG00000179361	False	False
ENSG00000181374	False	False
ENSG00000118705	False	False
ENSG00000140718	False	False
ENSG00000169306	False	False
ENSG00000092439	False	False
ENSG00000226033	False	False
ENSG00000108798	False	False
ENSG00000117601	False	False
ENSG00000177105	False	False
ENSG00000163888	False	False
ENSG00000065154	False	False
ENSG00000163535	False	False
ENSG00000225950	False	False
ENSG00000105640	False	False
ENSG00000065183	False	False
ENSG00000120509	False	False
	False	False
ENSG00000004939	False	False
ENSG00000172575	False	False
ENSG00000171246	False	False
ENSG00000137714	False	False
ENSG00000163481	False	False
ENSG00000162244	False	False
ENSG00000196557	False	False
ENSG00000131791	False	False
ENSG00000104901	False	False
ENSG00000111271	False	False
ENSG00000160447	False	False
ENSG00000122012	False	False
ENSG00000076662	False	False
ENSG00000140557	False	False
ENSG00000101444	False	False
ENSG00000151725	False	False
ENSG00000180233	False	False
ENSG00000176396	False	False
ENSG00000164088	False	False
ENSG00000130706	False	False
ENSG00000183751	False	False
ENSG00000106328	False	False
ENSG00000135069	False	False
ENSG00000166126	False	False
ENSG00000100911	False	False
ENSG00000143870	False	False
ENSG00000198814	False	False
ENSG00000162627	False	False
ENSG00000102763	False	False
ENSG00000018189	False	False
ENSG00000147687	False	False
ENSG00000234906	False	False
ENSG00000184432	False	False
ENSG00000164619	False	False
ENSG00000176386	False	False
ENSG00000108370	False	False
ENSG00000170017	False	False
ENSG00000161791	False	False
ENSG00000185885	False	False
ENSG00000275824	False	False
ENSG00000089169	False	False
ENSG00000187486	False	False
ENSG00000276977	False	False
ENSG00000134779	False	False
ENSG00000258429	False	False
ENSG00000181026	False	False
ENSG00000280610	False	False
ENSG00000280477	False	False
ENSG00000131979	False	False
ENSG00000126247	False	False
ENSG00000131620	False	False
ENSG00000167779	False	False
ENSG00000119414	True	False
ENSG00000182809	False	False
ENSG00000175110	False	False
ENSG00000236637	False	False
ENSG00000102024	False	False
ENSG00000131368	False	False
ENSG00000133661	False	False
ENSG00000213397	False	False
ENSG00000179588	False	False
ENSG00000156269	False	False
ENSG00000198642	False	False
ENSG00000113240	False	False
ENSG00000072571	False	False
ENSG00000126787	False	False
ENSG00000154265	False	False
ENSG00000072041	False	False
ENSG00000004809	False	False
ENSG00000196576	False	False
ENSG00000144452	False	False
ENSG00000124785	False	False
ENSG00000141293	False	False
ENSG00000160685	False	False
ENSG00000156374	False	False
ENSG00000167476	False	False
ENSG00000165525	False	False
ENSG00000076716	False	False
ENSG00000171951	False	False
ENSG00000088833	False	False
ENSG00000173660	False	False
ENSG00000079739	False	False
ENSG00000103257	False	False
ENSG00000203879	False	False
ENSG00000034510	False	False
ENSG00000213614	False	False
ENSG00000014138	False	False
ENSG00000158623	False	False
ENSG00000148450	False	False
ENSG00000031691	False	False
ENSG00000117625	False	False
ENSG00000180257	False	False
ENSG00000142025	False	False
ENSG00000172197	False	False
ENSG00000086200	False	False
ENSG00000160678	False	False
ENSG00000111344	False	False
ENSG00000117322	False	False
ENSG00000173706	False	False
ENSG00000184371	False	False
ENSG00000228628	False	False
ENSG00000256061	False	False
ENSG00000115350	False	False
ENSG00000143473	False	False
ENSG00000172673	False	False
ENSG00000100577	False	False
ENSG00000124493	False	False
ENSG00000108039	False	False
ENSG00000164828	False	False
ENSG00000128050	False	False
ENSG00000171365	False	False
ENSG00000164880	False	False
ENSG00000165637	False	False
ENSG00000059377	False	False
ENSG00000106049	False	False
ENSG00000069535	False	False
ENSG00000006534	False	False
ENSG00000164116	False	False
ENSG00000159720	False	False
ENSG00000115194	False	False
ENSG00000264424	False	False
ENSG00000137413	False	False
ENSG00000120329	False	False
ENSG00000185792	False	False
ENSG00000165804	False	False
ENSG00000136381	False	False
ENSG00000115211	False	False
ENSG00000101470	False	False
ENSG00000176454	False	False
ENSG00000134183	False	False
ENSG00000158825	False	False
	False	False
ENSG00000158158	False	False
ENSG00000105737	False	False
ENSG00000169976	False	False
ENSG00000130066	False	False
ENSG00000147789	False	False
ENSG00000137492	False	False
ENSG00000067798	False	False
ENSG00000138796	False	False
ENSG00000168924	False	False
ENSG00000132773	False	False
ENSG00000166394	False	False
ENSG00000135740	False	False
ENSG00000167984	False	False
ENSG00000168062	False	False
ENSG00000139946	False	False
ENSG00000069275	False	False
ENSG00000092850	False	False
ENSG00000158874	False	False
ENSG00000124256	False	False
ENSG00000130287	False	False
ENSG00000152936	False	False
ENSG00000121297	False	False
ENSG00000225921	False	False
ENSG00000101445	False	False
ENSG00000100883	False	False
ENSG00000170412	False	False
ENSG00000167065	False	False
ENSG00000143297	False	False
ENSG00000143153	False	False
ENSG00000005486	False	False
ENSG00000183128	False	False
ENSG00000153822	False	False
ENSG00000029725	True	False
ENSG00000182899	False	False
ENSG00000164951	False	False
ENSG00000005238	False	False
ENSG00000167549	False	False
ENSG00000067533	False	False
ENSG00000205111	False	False
ENSG00000089127	False	False
ENSG00000177311	False	False
ENSG00000140284	False	False
ENSG00000134755	False	False
ENSG00000101958	False	False
ENSG00000184226	False	False
ENSG00000169957	False	False
ENSG00000111450	False	False
ENSG00000106344	False	False
ENSG00000163251	False	False
ENSG00000162408	False	False
ENSG00000110931	False	False
ENSG00000161914	False	False
ENSG00000151413	False	False
ENSG00000167395	False	False
ENSG00000156234	False	False
ENSG00000114491	False	False
ENSG00000177879	False	False
ENSG00000187048	False	False
ENSG00000101844	False	False
ENSG00000119411	False	False
ENSG00000145526	False	False
ENSG00000011295	False	False
ENSG00000104643	False	False
ENSG00000134376	False	False
ENSG00000125457	False	False
ENSG00000068394	False	False
ENSG00000111783	False	False
ENSG00000163624	False	False
ENSG00000267467	False	False
ENSG00000163873	False	False
ENSG00000184292	False	False
	False	False
ENSG00000160993	False	False
ENSG00000102531	False	False
ENSG00000101265	True	False
ENSG00000033011	False	False
ENSG00000164742	False	False
ENSG00000100523	False	False
ENSG00000241343	False	False
ENSG00000141580	False	False
ENSG00000129038	False	False
ENSG00000198157	False	False
ENSG00000151247	False	False
ENSG00000149922	False	False
ENSG00000157827	False	False
ENSG00000120049	False	False
ENSG00000169629	False	False
ENSG00000102387	False	False
ENSG00000260314	False	False
ENSG00000003056	False	False
ENSG00000150967	False	False
ENSG00000056277	False	False
ENSG00000162341	False	False
ENSG00000128915	False	False
ENSG00000283889	False	False
ENSG00000235650	False	False
ENSG00000075914	False	False
ENSG00000176974	False	False
ENSG00000070413	False	False
ENSG00000148337	False	False
ENSG00000162734	False	False
ENSG00000197930	False	False
ENSG00000133636	False	False
ENSG00000185722	False	False
ENSG00000112218	False	False
ENSG00000109771	False	False
ENSG00000111615	False	False
ENSG00000092051	False	False
ENSG00000154252	False	False
ENSG00000176230	False	False
ENSG00000138769	False	False
ENSG00000175548	False	False
ENSG00000001631	False	False
ENSG00000101203	False	False
ENSG00000115526	False	False
ENSG00000183638	False	False
ENSG00000124159	False	False
ENSG00000102043	False	False
ENSG00000198774	False	False
ENSG00000164237	False	False
ENSG00000037757	False	False
ENSG00000168264	False	False
ENSG00000117525	False	False
ENSG00000119541	False	False
ENSG00000174516	False	False
ENSG00000105355	False	False
	False	False
ENSG00000070214	False	False
ENSG00000223496	False	False
ENSG00000132434	False	False
ENSG00000288146	False	False
ENSG00000065621	False	False
ENSG00000134222	False	False
ENSG00000128159	False	False
ENSG00000101856	False	False
ENSG00000183044	False	False
ENSG00000117036	False	False
ENSG00000110955	False	False
ENSG00000179195	False	False
ENSG00000142319	False	False
ENSG00000198914	False	False
ENSG00000177156	False	False
ENSG00000091844	False	False
ENSG00000198092	False	False
ENSG00000101557	False	False
ENSG00000168447	False	False
ENSG00000125869	False	False
ENSG00000197483	False	False
ENSG00000169018	False	False
ENSG00000236177	False	False
ENSG00000159166	False	False
ENSG00000106605	False	False
ENSG00000161526	False	False
ENSG00000166341	False	False
ENSG00000164056	False	False
ENSG00000139445	False	False
	False	False
ENSG00000116147	False	False
ENSG00000114480	False	False
ENSG00000121446	False	False
ENSG00000163346	False	False
ENSG00000099139	False	False
ENSG00000171401	False	False
ENSG00000101333	False	False
ENSG00000142534	False	False
ENSG00000074590	False	False
	False	False
ENSG00000213626	False	False
ENSG00000168906	False	False
ENSG00000100003	False	False
ENSG00000104055	False	False
ENSG00000134824	False	False
ENSG00000108405	False	False
ENSG00000104064	False	False
ENSG00000176624	False	False
ENSG00000162631	False	False
ENSG00000100926	False	False
ENSG00000163806	False	False
ENSG00000170242	False	False
ENSG00000185480	False	False
ENSG00000153820	False	False
ENSG00000122882	False	False
ENSG00000228090	False	False
ENSG00000175691	False	False
ENSG00000175213	False	False
ENSG00000177045	False	False
ENSG00000120725	False	False
ENSG00000160183	False	False
ENSG00000159733	False	False
ENSG00000127838	False	False
ENSG00000142449	False	False
ENSG00000197429	False	False
ENSG00000169213	False	False
ENSG00000083720	False	False
ENSG00000184916	False	False
ENSG00000183304	False	False
ENSG00000172466	False	False
ENSG00000147853	False	False
ENSG00000138757	False	False
ENSG00000159289	False	False
ENSG00000198682	False	False
ENSG00000006059	False	False
ENSG00000171298	False	False
ENSG00000188157	False	False
ENSG00000115365	False	False
ENSG00000104321	False	False
ENSG00000173175	False	False
ENSG00000128683	False	False
ENSG00000163820	False	False
ENSG00000148341	False	False
ENSG00000123485	False	False
ENSG00000141349	False	False
ENSG00000167380	False	False
ENSG00000127084	False	False
ENSG00000120832	False	False
ENSG00000189171	False	False
ENSG00000008323	False	False
ENSG00000140632	False	False
ENSG00000129353	False	False
ENSG00000151164	False	False
ENSG00000161016	False	False
ENSG00000131375	False	False
ENSG00000187325	False	False
ENSG00000115828	False	False
ENSG00000086232	False	False
ENSG00000011007	False	False
ENSG00000120727	False	False
ENSG00000151657	False	False
ENSG00000133059	False	False
ENSG00000205302	False	False
ENSG00000124588	False	False
ENSG00000115109	False	False
ENSG00000160752	False	False
ENSG00000169116	False	False
	False	False
ENSG00000197721	False	False
ENSG00000112562	False	False
ENSG00000253506	False	False
ENSG00000158710	False	False
ENSG00000068366	False	False
ENSG00000122965	False	False
ENSG00000159461	False	False
ENSG00000164010	False	False
ENSG00000102780	False	False
ENSG00000145736	False	False
ENSG00000143494	False	False
ENSG00000277586	False	False
ENSG00000162512	False	False
ENSG00000116191	False	False
ENSG00000135525	False	False
ENSG00000130589	False	False
ENSG00000100373	False	False
ENSG00000229346	False	False
ENSG00000122133	False	False
ENSG00000008311	False	False
ENSG00000156738	False	False
ENSG00000172367	False	False
ENSG00000111886	False	False
ENSG00000124602	False	False
ENSG00000071859	False	False
ENSG00000166685	False	False
ENSG00000132911	False	False
ENSG00000119782	False	False
ENSG00000153303	False	False
ENSG00000239305	False	False
ENSG00000170667	False	False
ENSG00000131652	False	False
ENSG00000135775	False	False
ENSG00000180535	False	False
ENSG00000111696	False	False
ENSG00000173611	False	False
ENSG00000183715	False	False
ENSG00000065548	False	False
ENSG00000165879	False	False
ENSG00000205744	False	False
ENSG00000107859	False	False
ENSG00000102967	False	False
ENSG00000155508	False	False
ENSG00000187607	False	False
ENSG00000165475	False	False
ENSG00000106823	False	False
ENSG00000103226	False	False
ENSG00000198429	False	False
ENSG00000001561	False	False
ENSG00000092531	False	False
ENSG00000110042	False	False
ENSG00000152214	False	False
ENSG00000197594	False	False
ENSG00000014123	False	False
ENSG00000005469	False	False
ENSG00000118655	False	False
ENSG00000137103	False	False
ENSG00000165661	False	False
ENSG00000066735	False	False
ENSG00000144647	False	False
ENSG00000128656	False	False
ENSG00000059573	False	False
ENSG00000138315	False	False
ENSG00000107829	False	False
ENSG00000185518	False	False
ENSG00000144357	False	False
ENSG00000141385	False	False
ENSG00000288369	False	False
ENSG00000169403	False	False
ENSG00000140319	False	False
ENSG00000118420	False	False
ENSG00000186115	False	False
ENSG00000135298	False	False
ENSG00000108963	False	False
ENSG00000117091	False	False
ENSG00000071205	False	False
ENSG00000159069	False	False
ENSG00000081059	False	False
ENSG00000132464	False	False
ENSG00000171587	False	False
ENSG00000182179	False	False
ENSG00000126368	False	False
ENSG00000135604	False	False
ENSG00000108064	False	False
ENSG00000198408	False	False
ENSG00000157625	False	False
ENSG00000159423	False	False
ENSG00000143147	False	False
ENSG00000019102	False	False
ENSG00000175324	False	False
ENSG00000099875	False	False
ENSG00000099769	False	False
ENSG00000112837	False	False
ENSG00000164099	False	False
ENSG00000173221	False	False
ENSG00000169155	False	False
ENSG00000109758	False	False
ENSG00000152409	False	False
ENSG00000187848	False	False
ENSG00000166411	False	False
ENSG00000139926	False	False
ENSG00000169248	False	False
ENSG00000167123	False	False
ENSG00000198879	False	False
ENSG00000141956	False	False
ENSG00000132972	False	False
ENSG00000173621	False	False
ENSG00000160013	False	False
ENSG00000180875	False	False
ENSG00000168267	False	False
ENSG00000128059	False	False
ENSG00000134256	False	False
ENSG00000166261	False	False
ENSG00000101986	False	False
ENSG00000152332	False	False
ENSG00000022840	False	False
ENSG00000196689	False	False
ENSG00000171970	False	False
ENSG00000136271	False	False
ENSG00000104880	False	False
ENSG00000108556	False	False
ENSG00000131043	False	False
ENSG00000176108	False	False
ENSG00000123454	False	False
ENSG00000189190	False	False
ENSG00000136854	False	False
ENSG00000090975	False	False
ENSG00000167528	False	False
ENSG00000173334	False	False
ENSG00000075429	False	False
ENSG00000138030	False	False
ENSG00000136531	False	False
ENSG00000130707	False	False
ENSG00000134698	False	False
ENSG00000147224	False	False
ENSG00000178896	False	False
ENSG00000139910	False	False
ENSG00000157131	False	False
ENSG00000186815	False	False
ENSG00000104413	False	False
ENSG00000092009	False	False
ENSG00000142409	False	False
ENSG00000153246	False	False
ENSG00000008988	False	False
ENSG00000130508	False	False
ENSG00000061656	False	False
ENSG00000132294	False	False
ENSG00000113269	False	False
ENSG00000123091	False	False
ENSG00000128536	False	False
ENSG00000185862	False	False
ENSG00000151465	False	False
ENSG00000166923	False	False
ENSG00000125846	False	False
ENSG00000128567	False	False
ENSG00000118432	False	False
ENSG00000123119	False	False
ENSG00000176915	False	False
ENSG00000163683	False	False
ENSG00000276781	False	False
ENSG00000101474	False	False
ENSG00000106609	False	False
ENSG00000089876	False	False
ENSG00000078124	False	False
ENSG00000163288	False	False
ENSG00000126562	False	False
ENSG00000182287	False	False
ENSG00000173207	False	False
ENSG00000154080	False	False
ENSG00000154309	False	False
ENSG00000062524	False	False
ENSG00000182952	False	False
ENSG00000110171	False	False
ENSG00000100664	False	False
ENSG00000165209	False	False
ENSG00000121211	False	False
ENSG00000111674	False	False
ENSG00000183049	False	False
ENSG00000234846	False	False
ENSG00000283706	False	False
ENSG00000009844	False	False
ENSG00000235109	False	False
ENSG00000110719	False	False
ENSG00000001497	False	False
ENSG00000154134	False	False
ENSG00000120256	False	False
ENSG00000225998	False	False
ENSG00000134575	False	False
ENSG00000007944	False	False
ENSG00000104765	False	False
ENSG00000111707	False	False
ENSG00000253797	False	False
ENSG00000130558	False	False
ENSG00000146021	False	False
ENSG00000101188	False	False
ENSG00000051009	False	False
ENSG00000163879	False	False
ENSG00000064687	False	False
ENSG00000169359	False	False
ENSG00000288504	False	False
ENSG00000265808	False	False
ENSG00000075415	False	False
ENSG00000145649	False	False
ENSG00000118245	False	False
ENSG00000156049	False	False
ENSG00000120889	False	False
ENSG00000136942	False	False
ENSG00000106348	False	False
	False	False
ENSG00000129657	False	False
ENSG00000163798	False	False
ENSG00000115525	False	False
ENSG00000176697	False	False
	False	False
ENSG00000163636	False	False
ENSG00000143420	False	False
ENSG00000267796	False	False
ENSG00000182771	False	False
ENSG00000164816	False	False
ENSG00000063241	False	False
ENSG00000162989	False	False
ENSG00000158220	False	False
	False	False
ENSG00000182919	False	False
ENSG00000082996	False	False
ENSG00000156194	False	False
ENSG00000131100	False	False
ENSG00000153560	False	False
ENSG00000115257	False	False
ENSG00000213402	False	False
ENSG00000110841	True	False
ENSG00000107566	False	False
ENSG00000111432	False	False
ENSG00000172830	False	False
ENSG00000175928	False	False
ENSG00000128594	False	False
ENSG00000155846	False	False
ENSG00000117528	False	False
ENSG00000158014	False	False
ENSG00000196387	False	False
ENSG00000170949	False	False
ENSG00000221983	False	False
ENSG00000188037	False	False
ENSG00000160209	False	False
ENSG00000175193	False	False
ENSG00000197774	False	False
ENSG00000180432	False	False
ENSG00000203668	False	False
ENSG00000241186	False	False
ENSG00000131069	False	False
ENSG00000116005	False	False
ENSG00000155660	False	False
ENSG00000134259	False	False
ENSG00000124827	False	False
ENSG00000103966	False	False
ENSG00000184661	False	False
ENSG00000196604	False	False
ENSG00000135049	False	False
ENSG00000168010	False	False
ENSG00000161798	False	False
ENSG00000070081	False	False
ENSG00000020256	False	False
ENSG00000263238	False	False
ENSG00000124614	False	False
ENSG00000138092	False	False
ENSG00000186471	False	False
ENSG00000136048	False	False
ENSG00000088899	False	False
ENSG00000157388	True	False
ENSG00000111186	False	False
ENSG00000176049	False	False
ENSG00000181061	False	False
	False	False
ENSG00000174307	False	False
ENSG00000165115	False	False
ENSG00000086205	True	False
ENSG00000008394	False	False
ENSG00000171487	False	False
ENSG00000173585	False	False
ENSG00000186660	False	False
ENSG00000004059	False	False
ENSG00000141627	False	False
ENSG00000182199	False	False
ENSG00000204859	False	False
ENSG00000115020	False	False
ENSG00000278570	False	False
ENSG00000276480	True	False
ENSG00000280549	False	False
ENSG00000140545	False	False
ENSG00000196542	False	False
ENSG00000156414	False	False
ENSG00000143337	False	False
ENSG00000109158	False	False
ENSG00000136960	False	False
ENSG00000131873	False	False
ENSG00000137338	False	False
ENSG00000143127	False	False
ENSG00000147180	False	False
ENSG00000118096	False	False
ENSG00000189266	False	False
ENSG00000163931	False	False
ENSG00000136813	False	False
ENSG00000183798	False	False
ENSG00000101825	False	False
ENSG00000134470	False	False
ENSG00000140798	False	False
ENSG00000171680	False	False
ENSG00000121764	False	False
ENSG00000184254	False	False
ENSG00000163106	False	False
ENSG00000198856	False	False
ENSG00000062485	False	False
ENSG00000006210	False	False
ENSG00000143869	False	False
ENSG00000196214	False	False
ENSG00000114853	False	False
ENSG00000165389	False	False
ENSG00000146276	False	False
ENSG00000187522	False	False
ENSG00000158813	False	False
ENSG00000101888	False	False
ENSG00000168002	False	False
ENSG00000240583	False	False
ENSG00000244414	False	False
ENSG00000137393	False	False
ENSG00000136689	False	False
ENSG00000143627	False	False
ENSG00000124209	False	False
ENSG00000100099	False	False
ENSG00000100075	False	False
ENSG00000162174	False	False
ENSG00000198205	False	False
ENSG00000159261	False	False
ENSG00000091536	False	False
ENSG00000006638	False	False
ENSG00000104381	False	False
ENSG00000131941	False	False
ENSG00000107819	False	False
ENSG00000126460	False	False
ENSG00000136100	False	False
ENSG00000160191	False	False
ENSG00000130829	False	False
ENSG00000049249	False	False
ENSG00000104549	False	False
ENSG00000125648	False	False
ENSG00000139405	False	False
ENSG00000171953	False	False
ENSG00000158615	False	False
ENSG00000100023	False	False
ENSG00000163737	False	False
ENSG00000285369	False	False
ENSG00000105501	False	False
ENSG00000184347	False	False
ENSG00000137266	False	False
ENSG00000124357	False	False
ENSG00000184489	False	False
ENSG00000163947	False	False
ENSG00000090372	False	False
ENSG00000125445	False	False
ENSG00000103489	False	False
ENSG00000125691	False	False
ENSG00000145863	False	False
ENSG00000189067	False	False
ENSG00000182240	False	False
ENSG00000065665	False	False
ENSG00000112306	False	False
ENSG00000111328	False	False
ENSG00000136279	False	False
ENSG00000213366	False	False
ENSG00000066923	False	False
ENSG00000153574	False	False
ENSG00000198728	False	False
ENSG00000131848	False	False
ENSG00000135083	False	False
ENSG00000132698	False	False
ENSG00000140988	False	False
ENSG00000214456	False	False
ENSG00000101981	False	False
ENSG00000144036	False	False
ENSG00000089048	False	False
ENSG00000278565	False	False
ENSG00000121578	False	False
ENSG00000108622	False	False
ENSG00000153982	False	False
ENSG00000166441	False	False
ENSG00000129194	False	False
ENSG00000181444	False	False
ENSG00000122970	False	False
ENSG00000111540	False	False
ENSG00000153157	False	False
ENSG00000100109	False	False
ENSG00000196284	False	False
ENSG00000158411	False	False
ENSG00000168952	False	False
ENSG00000103356	False	False
ENSG00000145103	False	False
ENSG00000274651	False	False
ENSG00000067191	False	False
ENSG00000173145	False	False
ENSG00000157869	False	False
ENSG00000187912	False	False
ENSG00000135517	False	False
ENSG00000169683	False	False
ENSG00000197647	False	False
ENSG00000102384	False	False
ENSG00000129667	False	False
ENSG00000075407	False	False
ENSG00000164172	False	False
ENSG00000198964	False	False
ENSG00000114923	False	False
ENSG00000171700	False	False
ENSG00000170890	False	False
ENSG00000125356	False	False
ENSG00000146109	False	False
ENSG00000112293	False	False
ENSG00000137449	False	False
ENSG00000183426	False	False
ENSG00000006747	False	False
ENSG00000184374	False	False
ENSG00000128272	False	False
ENSG00000169884	False	False
ENSG00000169682	False	False
ENSG00000124523	False	False
ENSG00000167526	False	False
ENSG00000004866	False	False
ENSG00000234370	False	False
ENSG00000203883	False	False
ENSG00000139629	False	False
ENSG00000113262	False	False
ENSG00000120729	False	False
ENSG00000164163	False	False
ENSG00000196569	False	False
ENSG00000183048	False	False
ENSG00000141447	False	False
ENSG00000141696	False	False
ENSG00000147676	False	False
ENSG00000167693	False	False
ENSG00000165553	False	False
ENSG00000076924	False	False
ENSG00000176542	False	False
ENSG00000148719	False	False
ENSG00000173486	False	False
ENSG00000143502	False	False
ENSG00000196290	False	False
ENSG00000197841	False	False
ENSG00000158966	False	False
ENSG00000282902	False	False
ENSG00000121749	False	False
ENSG00000171368	False	False
ENSG00000120539	False	False
ENSG00000144034	False	False
ENSG00000088205	False	False
ENSG00000157617	False	False
ENSG00000197056	False	False
ENSG00000176842	False	False
ENSG00000153815	False	False
ENSG00000204257	False	False
ENSG00000127586	False	False
ENSG00000112309	False	False
ENSG00000106355	False	False
ENSG00000159917	False	False
ENSG00000124562	False	False
ENSG00000205155	False	False
	False	False
ENSG00000138131	False	False
ENSG00000096088	False	False
ENSG00000169896	False	False
ENSG00000143457	False	False
ENSG00000152284	False	False
ENSG00000035720	False	False
ENSG00000135241	False	False
ENSG00000109618	False	False
ENSG00000173597	False	False
ENSG00000188425	False	False
ENSG00000204130	False	False
ENSG00000115009	False	False
ENSG00000196139	False	False
ENSG00000154589	False	False
ENSG00000153406	False	False
ENSG00000196391	False	False
ENSG00000243449	False	False
ENSG00000259571	False	False
ENSG00000134030	False	False
ENSG00000128271	False	False
ENSG00000168397	False	False
ENSG00000178445	False	False
ENSG00000214595	False	False
ENSG00000167261	False	False
ENSG00000100568	False	False
ENSG00000160472	False	False
ENSG00000278195	False	False
ENSG00000146938	False	False
ENSG00000135824	False	False
ENSG00000143924	True	False
ENSG00000110801	False	False
ENSG00000162630	False	False
ENSG00000107897	False	False
ENSG00000123131	False	False
ENSG00000153250	False	False
ENSG00000124228	False	False
ENSG00000142676	False	False
ENSG00000081923	False	False
ENSG00000131080	False	False
ENSG00000109861	False	False
ENSG00000073803	True	False
ENSG00000277936	False	False
ENSG00000166938	False	False
ENSG00000136930	False	False
ENSG00000162959	False	False
ENSG00000123154	False	False
ENSG00000152465	False	False
ENSG00000100220	False	False
ENSG00000105991	False	False
ENSG00000102710	False	False
ENSG00000140987	False	False
ENSG00000100916	False	False
ENSG00000168779	False	False
ENSG00000262635	False	False
ENSG00000148840	False	False
ENSG00000145879	False	False
ENSG00000130332	False	False
ENSG00000235155	False	False
ENSG00000119041	False	False
ENSG00000147246	False	False
ENSG00000172071	False	False
ENSG00000277800	False	False
ENSG00000159322	False	False
ENSG00000076067	False	False
ENSG00000174255	False	False
ENSG00000115419	False	False
ENSG00000050165	False	False
ENSG00000132330	False	False
ENSG00000242372	False	False
ENSG00000122386	False	False
ENSG00000111361	False	False
ENSG00000166446	False	False
ENSG00000187801	False	False
ENSG00000280680	False	False
ENSG00000257315	False	False
ENSG00000067064	False	False
ENSG00000135318	False	False
ENSG00000009724	False	False
ENSG00000139187	False	False
ENSG00000148842	False	False
ENSG00000175189	False	False
ENSG00000152433	False	False
ENSG00000006071	False	False
ENSG00000139370	False	False
ENSG00000137877	False	False
ENSG00000100012	False	False
ENSG00000101115	True	False
ENSG00000007341	False	False
ENSG00000230034	False	False
ENSG00000255974	False	False
ENSG00000179627	False	False
ENSG00000187134	False	False
ENSG00000108256	False	False
ENSG00000101452	False	False
ENSG00000124570	False	False
ENSG00000116138	False	False
ENSG00000185245	False	False
ENSG00000057468	False	False
ENSG00000004455	False	False
ENSG00000113396	False	False
ENSG00000116117	False	False
ENSG00000184056	False	False
ENSG00000172893	False	False
ENSG00000182117	False	False
ENSG00000160868	False	False
ENSG00000080573	False	False
ENSG00000152464	False	False
ENSG00000197956	False	False
ENSG00000100422	False	False
ENSG00000274129	False	False
ENSG00000272047	False	False
ENSG00000114487	False	False
ENSG00000285243	False	False
ENSG00000134247	False	False
ENSG00000136104	False	False
ENSG00000157456	False	False
ENSG00000081087	False	False
ENSG00000123297	False	False
ENSG00000103642	False	False
ENSG00000188064	False	False
ENSG00000110756	False	False
ENSG00000119402	False	False
ENSG00000119125	False	False
ENSG00000179044	False	False
ENSG00000121577	False	False
	False	False
ENSG00000166796	False	False
ENSG00000124721	False	False
ENSG00000171786	False	False
ENSG00000144668	False	False
ENSG00000169372	False	False
ENSG00000149499	False	False
ENSG00000068615	False	False
ENSG00000168993	False	False
ENSG00000049883	False	False
ENSG00000160948	False	False
ENSG00000108599	False	False
ENSG00000175938	False	False
ENSG00000176720	False	False
ENSG00000111291	False	False
ENSG00000123636	False	False
ENSG00000010030	False	False
ENSG00000068079	False	False
ENSG00000127526	False	False
ENSG00000109610	False	False
ENSG00000171606	False	False
ENSG00000138622	False	False
ENSG00000116406	False	False
ENSG00000161682	False	False
ENSG00000198466	False	False
ENSG00000166927	False	False
ENSG00000178342	False	False
ENSG00000169379	False	False
ENSG00000159267	False	False
ENSG00000163794	False	False
ENSG00000154678	False	False
ENSG00000135454	False	False
ENSG00000106003	False	False
ENSG00000063177	False	False
ENSG00000103064	False	False
ENSG00000178750	False	False
ENSG00000013583	False	False
ENSG00000172482	False	False
ENSG00000137101	False	False
ENSG00000110888	False	False
ENSG00000136859	False	False
ENSG00000165792	False	False
ENSG00000127125	False	False
	False	False
ENSG00000166012	False	False
ENSG00000119669	False	False
ENSG00000177301	False	False
ENSG00000178038	False	False
ENSG00000183463	False	False
ENSG00000159210	False	False
ENSG00000150337	False	False
ENSG00000104899	False	False
ENSG00000072133	False	False
ENSG00000221995	False	False
ENSG00000149972	False	False
ENSG00000165799	False	False
ENSG00000101187	False	False
ENSG00000133454	False	False
ENSG00000108439	False	False
ENSG00000148908	False	False
ENSG00000165959	False	False
ENSG00000166337	False	False
ENSG00000204060	False	False
ENSG00000165259	False	False
ENSG00000197461	False	False
ENSG00000197540	False	False
ENSG00000050767	False	False
ENSG00000136541	False	False
ENSG00000159921	False	False
ENSG00000180245	False	False
ENSG00000038002	False	False
ENSG00000104921	False	False
ENSG00000140264	False	False
ENSG00000197601	False	False
ENSG00000145708	False	False
ENSG00000179922	False	False
ENSG00000126775	False	False
ENSG00000198573	False	False
ENSG00000213316	False	False
ENSG00000164929	False	False
ENSG00000148175	False	False
ENSG00000113387	False	False
ENSG00000171385	False	False
ENSG00000171243	False	False
ENSG00000161981	False	False
ENSG00000134240	False	False
ENSG00000156642	False	False
ENSG00000135116	False	False
ENSG00000077514	False	False
ENSG00000176988	False	False
ENSG00000170956	False	False
ENSG00000103550	False	False
ENSG00000159788	False	False
ENSG00000104112	False	False
ENSG00000116157	False	False
ENSG00000171777	False	False
ENSG00000113194	False	False
	False	False
ENSG00000133835	False	False
ENSG00000136144	False	False
ENSG00000091140	False	False
ENSG00000068976	False	False
ENSG00000048342	False	False
ENSG00000113504	False	False
ENSG00000120708	False	False
ENSG00000168530	False	False
ENSG00000167766	False	False
ENSG00000119121	False	False
ENSG00000181830	False	False
ENSG00000146676	False	False
ENSG00000143294	True	False
ENSG00000230549	False	False
ENSG00000180386	False	False
ENSG00000187754	False	False
ENSG00000130520	False	False
ENSG00000140740	False	False
ENSG00000141577	False	False
ENSG00000129159	False	False
ENSG00000134324	False	False
ENSG00000183166	False	False
ENSG00000137106	False	False
ENSG00000054793	False	False
ENSG00000151617	False	False
ENSG00000163923	False	False
ENSG00000130158	False	False
ENSG00000280641	False	False
ENSG00000205189	False	False
ENSG00000148331	False	False
ENSG00000125384	False	False
ENSG00000131746	False	False
ENSG00000119403	False	False
ENSG00000198835	False	False
ENSG00000113248	False	False
ENSG00000153823	False	False
ENSG00000139323	False	False
ENSG00000177192	False	False
ENSG00000180537	False	False
ENSG00000080819	False	False
ENSG00000163171	False	False
ENSG00000110436	False	False
ENSG00000159556	False	False
ENSG00000101546	False	False
ENSG00000128710	False	False
ENSG00000156006	False	False
ENSG00000284017	False	False
ENSG00000115850	False	False
ENSG00000139352	False	False
ENSG00000108590	False	False
ENSG00000197992	False	False
ENSG00000188042	False	False
ENSG00000147852	False	False
ENSG00000274829	False	False
ENSG00000157954	False	False
ENSG00000183734	False	False
ENSG00000021762	False	False
ENSG00000206487	False	False
ENSG00000130818	False	False
ENSG00000275152	False	False
ENSG00000159189	False	False
ENSG00000104687	False	False
ENSG00000129055	False	False
ENSG00000124374	False	False
ENSG00000142544	False	False
ENSG00000172020	False	False
ENSG00000188994	False	False
ENSG00000151704	False	False
ENSG00000137054	False	False
ENSG00000205138	False	False
ENSG00000196660	False	False
ENSG00000164251	False	False
ENSG00000121413	False	False
ENSG00000203710	False	False
ENSG00000108639	False	False
ENSG00000157315	False	False
ENSG00000170044	False	False
ENSG00000065357	False	False
ENSG00000185088	False	False
ENSG00000137078	False	False
ENSG00000164331	False	False
ENSG00000277334	False	False
ENSG00000188342	False	False
ENSG00000088726	False	False
ENSG00000278114	False	False
ENSG00000198846	False	False
ENSG00000182827	False	False
ENSG00000007923	False	False
ENSG00000141971	False	False
ENSG00000115368	False	False
ENSG00000167985	True	False
ENSG00000138308	False	False
ENSG00000168393	False	False
ENSG00000186075	False	False
ENSG00000004660	False	False
ENSG00000171425	False	False
ENSG00000125166	False	False
ENSG00000174292	False	False
ENSG00000167550	False	False
ENSG00000186787	False	False
ENSG00000155966	False	False
ENSG00000181092	False	False
ENSG00000178623	False	False
ENSG00000115107	False	False
ENSG00000131174	False	False
ENSG00000180817	False	False
ENSG00000103932	False	False
ENSG00000067445	False	False
ENSG00000182208	False	False
ENSG00000113211	False	False
ENSG00000105939	False	False
	False	False
ENSG00000127954	False	False
ENSG00000156427	False	False
ENSG00000136274	False	False
ENSG00000139044	False	False
ENSG00000062038	False	False
ENSG00000181392	False	False
ENSG00000168487	False	False
ENSG00000180964	False	False
	False	False
ENSG00000113525	False	False
ENSG00000176393	False	False
ENSG00000111331	False	False
ENSG00000196406	False	False
ENSG00000114378	False	False
ENSG00000010219	False	False
ENSG00000184486	False	False
ENSG00000167157	False	False
ENSG00000166435	False	False
ENSG00000159377	False	False
ENSG00000011143	False	False
ENSG00000151729	False	False
ENSG00000182220	False	False
ENSG00000139278	False	False
ENSG00000136098	False	False
ENSG00000105732	False	False
ENSG00000103067	False	False
ENSG00000147255	False	False
ENSG00000166478	False	False
ENSG00000110680	False	False
ENSG00000020129	False	False
ENSG00000080493	False	False
ENSG00000213246	False	False
ENSG00000213923	False	False
ENSG00000167272	False	False
ENSG00000122481	False	False
ENSG00000152785	False	False
ENSG00000122068	False	False
ENSG00000130338	False	False
ENSG00000269556	False	False
ENSG00000181004	False	False
ENSG00000105835	False	False
ENSG00000079263	False	False
ENSG00000196388	False	False
ENSG00000125820	False	False
ENSG00000166402	False	False
ENSG00000115226	False	False
ENSG00000162951	False	False
ENSG00000114544	False	False
ENSG00000169762	False	False
ENSG00000135249	False	False
ENSG00000242389	False	False
ENSG00000131845	False	False
ENSG00000102547	False	False
ENSG00000114520	False	False
	False	False
ENSG00000129933	False	False
ENSG00000151532	True	False
ENSG00000100387	False	False
ENSG00000137124	False	False
ENSG00000055955	False	False
ENSG00000112541	False	False
ENSG00000072840	False	False
ENSG00000258992	False	False
ENSG00000181896	False	False
ENSG00000185479	False	False
ENSG00000100600	False	False
ENSG00000107669	False	False
ENSG00000262814	False	False
ENSG00000205835	False	False
ENSG00000119688	False	False
ENSG00000168758	False	False
ENSG00000238243	False	False
ENSG00000166257	False	False
ENSG00000099260	False	False
ENSG00000188001	False	False
ENSG00000126858	False	False
ENSG00000285250	False	False
ENSG00000013588	False	False
ENSG00000123989	False	False
ENSG00000239264	False	False
ENSG00000186141	False	False
ENSG00000149451	False	False
ENSG00000161265	False	False
ENSG00000203972	False	False
ENSG00000167965	False	False
ENSG00000285456	False	False
ENSG00000160200	False	False
ENSG00000126756	False	False
ENSG00000086065	False	False
ENSG00000239474	False	False
ENSG00000189377	False	False
ENSG00000196705	False	False
	False	False
ENSG00000173848	False	False
ENSG00000174370	False	False
ENSG00000165516	False	False
ENSG00000088538	False	False
ENSG00000117481	False	False
ENSG00000096996	False	False
ENSG00000169906	False	False
ENSG00000181541	False	False
ENSG00000119314	False	False
ENSG00000196458	False	False
ENSG00000109472	False	False
ENSG00000145824	False	False
ENSG00000111181	False	False
ENSG00000123843	False	False
ENSG00000174600	False	False
ENSG00000187764	False	False
ENSG00000188352	False	False
ENSG00000150403	False	False
ENSG00000069493	False	False
ENSG00000153914	False	False
ENSG00000079482	False	False
ENSG00000282049	False	False
ENSG00000185022	False	False
ENSG00000243943	False	False
ENSG00000131386	False	False
ENSG00000177380	False	False
ENSG00000172296	False	False
ENSG00000132825	False	False
ENSG00000059915	False	False
ENSG00000174502	False	False
ENSG00000115286	False	False
ENSG00000132274	False	False
ENSG00000184164	False	False
ENSG00000145681	False	False
ENSG00000157152	False	False
ENSG00000167103	False	False
ENSG00000071539	False	False
ENSG00000197213	False	False
ENSG00000185880	False	False
ENSG00000109099	False	False
ENSG00000206053	False	False
ENSG00000108669	False	False
ENSG00000004139	False	False
ENSG00000085788	False	False
ENSG00000119725	False	False
ENSG00000114388	False	False
ENSG00000183840	False	False
ENSG00000158477	False	False
ENSG00000175582	False	False
ENSG00000011478	False	False
ENSG00000160094	False	False
ENSG00000278161	True	False
ENSG00000163273	False	False
ENSG00000203705	False	False
	False	False
ENSG00000135127	False	False
ENSG00000168621	False	False
ENSG00000185640	False	False
ENSG00000260916	False	False
ENSG00000125246	False	False
ENSG00000058866	False	False
ENSG00000065833	False	False
ENSG00000139921	False	False
ENSG00000100605	False	False
ENSG00000160233	False	False
ENSG00000189037	False	False
ENSG00000175065	False	False
ENSG00000136383	False	False
ENSG00000128652	False	False
ENSG00000105664	False	False
ENSG00000163630	False	False
ENSG00000168795	False	False
ENSG00000142973	False	False
ENSG00000067596	False	False
ENSG00000101161	False	False
ENSG00000188211	False	False
ENSG00000178035	False	False
ENSG00000198246	False	False
ENSG00000180209	False	False
ENSG00000262209	False	False
ENSG00000104763	False	False
ENSG00000168883	False	False
ENSG00000103174	False	False
ENSG00000288427	False	False
ENSG00000132300	False	False
ENSG00000104689	False	False
ENSG00000144908	False	False
ENSG00000197635	False	False
ENSG00000112304	False	False
ENSG00000122359	False	False
ENSG00000126878	False	False
ENSG00000092758	False	False
ENSG00000132603	False	False
ENSG00000115216	False	False
ENSG00000144161	False	False
ENSG00000169871	False	False
ENSG00000058063	False	False
ENSG00000122335	False	False
ENSG00000138641	False	False
ENSG00000166317	False	False
ENSG00000169860	False	False
ENSG00000185825	False	False
ENSG00000180509	False	False
ENSG00000168280	False	False
ENSG00000111452	False	False
ENSG00000187682	False	False
ENSG00000106261	False	False
ENSG00000165188	False	False
ENSG00000122033	False	False
ENSG00000233927	False	False
ENSG00000167178	False	False
ENSG00000126254	False	False
ENSG00000116171	False	False
ENSG00000158552	False	False
ENSG00000280635	False	False
ENSG00000136937	False	False
ENSG00000126231	False	False
ENSG00000108651	False	False
ENSG00000155265	False	False
ENSG00000164609	False	False
ENSG00000124067	False	False
ENSG00000184502	False	False
ENSG00000257594	False	False
ENSG00000125409	False	False
ENSG00000170425	False	False
ENSG00000151882	False	False
ENSG00000138039	False	False
ENSG00000153721	False	False
ENSG00000105472	False	False
ENSG00000115561	False	False
ENSG00000108509	False	False
ENSG00000104904	False	False
ENSG00000170855	False	False
ENSG00000278767	False	False
ENSG00000138604	False	False
ENSG00000127922	False	False
ENSG00000087111	False	False
ENSG00000196507	False	False
ENSG00000136891	False	False
ENSG00000187796	False	False
ENSG00000265107	False	False
ENSG00000179934	False	False
ENSG00000182521	False	False
ENSG00000055917	False	False
ENSG00000114745	False	False
ENSG00000134419	False	False
ENSG00000169255	False	False
ENSG00000198732	False	False
ENSG00000133048	False	False
ENSG00000196998	False	False
ENSG00000167088	False	False
ENSG00000116260	False	False
ENSG00000170631	False	False
ENSG00000147164	False	False
ENSG00000183828	False	False
ENSG00000174099	False	False
ENSG00000135047	False	False
ENSG00000197223	False	False
ENSG00000134061	False	False
ENSG00000171100	False	False
ENSG00000149823	False	False
ENSG00000041353	False	False
ENSG00000182173	False	False
ENSG00000151692	False	False
ENSG00000126500	False	False
ENSG00000075884	False	False
ENSG00000114349	False	False
ENSG00000176463	False	False
ENSG00000174844	False	False
ENSG00000106785	False	False
ENSG00000184903	False	False
ENSG00000112234	False	False
ENSG00000070193	False	False
ENSG00000117280	False	False
ENSG00000126432	False	False
ENSG00000182327	False	False
ENSG00000171522	False	False
ENSG00000198121	False	False
ENSG00000115806	False	False
ENSG00000105438	False	False
ENSG00000221866	False	False
ENSG00000115138	False	False
ENSG00000196169	False	False
ENSG00000124467	False	False
ENSG00000254647	False	False
ENSG00000100031	False	False
ENSG00000276336	False	False
ENSG00000081181	False	False
ENSG00000183291	False	False
ENSG00000160282	False	False
ENSG00000197857	False	False
ENSG00000161055	False	False
ENSG00000148481	False	False
ENSG00000102786	False	False
ENSG00000133687	False	False
ENSG00000099954	False	False
ENSG00000187800	False	False
ENSG00000167136	False	False
ENSG00000105926	False	False
ENSG00000088727	False	False
ENSG00000187730	False	False
ENSG00000123106	False	False
ENSG00000139151	False	False
ENSG00000127515	False	False
ENSG00000198088	False	False
ENSG00000103051	False	False
ENSG00000165521	False	False
ENSG00000177303	False	False
ENSG00000285482	False	False
ENSG00000114770	False	False
ENSG00000163618	False	False
ENSG00000166821	False	False
ENSG00000185013	False	False
ENSG00000115425	False	False
ENSG00000132718	False	False
ENSG00000138768	False	False
ENSG00000168826	False	False
ENSG00000187634	False	False
ENSG00000163581	False	False
ENSG00000122912	False	False
ENSG00000109654	False	False
ENSG00000123600	False	False
ENSG00000166405	False	False
ENSG00000134897	False	False
ENSG00000198482	False	False
ENSG00000108591	False	False
ENSG00000103024	False	False
ENSG00000177575	False	False
ENSG00000029639	False	False
ENSG00000151475	False	False
ENSG00000116350	False	False
ENSG00000115661	False	False
ENSG00000067840	False	False
ENSG00000038274	False	False
ENSG00000111247	False	False
ENSG00000144736	False	False
ENSG00000080166	False	False
ENSG00000149218	False	False
ENSG00000167772	False	False
ENSG00000278165	False	False
ENSG00000125510	False	False
ENSG00000182752	False	False
ENSG00000036473	False	False
ENSG00000124469	False	False
ENSG00000215045	False	False
ENSG00000133612	False	False
ENSG00000253767	False	False
ENSG00000100401	False	False
ENSG00000163071	False	False
ENSG00000021776	False	False
ENSG00000113763	False	False
ENSG00000074603	False	False
ENSG00000204219	False	False
ENSG00000186795	False	False
ENSG00000127533	False	False
ENSG00000203985	False	False
ENSG00000185189	False	False
ENSG00000148690	False	False
ENSG00000089163	False	False
ENSG00000166575	False	False
ENSG00000160539	False	False
ENSG00000182968	False	False
ENSG00000068971	False	False
ENSG00000152422	False	False
ENSG00000110446	False	False
ENSG00000102128	False	False
ENSG00000090470	False	False
ENSG00000115486	False	False
ENSG00000100344	False	False
ENSG00000187288	False	False
ENSG00000120088	False	False
ENSG00000131187	False	False
ENSG00000103037	False	False
ENSG00000171295	False	False
ENSG00000255346	False	False
ENSG00000070601	False	False
ENSG00000197712	False	False
ENSG00000188690	False	False
ENSG00000130700	False	False
ENSG00000126759	False	False
ENSG00000236014	False	False
ENSG00000122741	False	False
ENSG00000130584	False	False
ENSG00000083067	False	False
ENSG00000095752	False	False
ENSG00000047617	False	False
ENSG00000006611	False	False
ENSG00000101463	False	False
ENSG00000164509	False	False
ENSG00000095261	False	False
ENSG00000178952	False	False
ENSG00000162896	False	False
ENSG00000134851	False	False
ENSG00000109133	False	False
ENSG00000256223	False	False
ENSG00000196975	False	False
ENSG00000135097	False	False
ENSG00000164024	False	False
ENSG00000072210	False	False
ENSG00000189184	False	False
ENSG00000176222	False	False
ENSG00000057252	False	False
ENSG00000130309	False	False
ENSG00000181894	False	False
ENSG00000198189	False	False
ENSG00000257727	False	False
ENSG00000162298	False	False
ENSG00000137216	False	False
ENSG00000177733	False	False
ENSG00000141314	False	False
ENSG00000135452	False	False
ENSG00000182712	False	False
ENSG00000170619	False	False
ENSG00000100014	False	False
ENSG00000186452	False	False
ENSG00000164144	False	False
ENSG00000174840	False	False
ENSG00000128645	False	False
ENSG00000106025	False	False
ENSG00000132740	False	False
ENSG00000114767	False	False
ENSG00000156886	False	False
ENSG00000179580	False	False
ENSG00000138303	False	False
ENSG00000167635	False	False
ENSG00000132912	False	False
ENSG00000007350	False	False
ENSG00000153551	False	False
ENSG00000100299	False	False
ENSG00000111262	False	False
ENSG00000204316	False	False
ENSG00000188846	False	False
ENSG00000106245	False	False
ENSG00000127081	False	False
ENSG00000102910	False	False
ENSG00000180185	False	False
ENSG00000019582	True	False
ENSG00000262217	False	False
ENSG00000276856	False	False
ENSG00000235396	False	False
ENSG00000169245	False	False
ENSG00000081307	False	False
ENSG00000185149	False	False
ENSG00000242419	False	False
ENSG00000198721	False	False
ENSG00000163719	False	False
ENSG00000164879	False	False
ENSG00000228049	False	False
ENSG00000168890	False	False
ENSG00000274671	False	False
ENSG00000174482	False	False
ENSG00000176490	False	False
ENSG00000166450	False	False
ENSG00000162735	False	False
ENSG00000145692	False	False
ENSG00000156467	False	False
ENSG00000136950	False	False
ENSG00000163141	False	False
ENSG00000213699	False	False
ENSG00000124440	False	False
ENSG00000185565	False	False
ENSG00000144821	False	False
ENSG00000147894	False	False
ENSG00000139220	False	False
ENSG00000197147	False	False
ENSG00000046647	False	False
ENSG00000251192	False	False
ENSG00000004799	False	False
ENSG00000162851	False	False
ENSG00000128829	False	False
ENSG00000171017	False	False
ENSG00000114124	False	False
ENSG00000121716	False	False
ENSG00000162892	False	False
ENSG00000140939	False	False
ENSG00000256453	False	False
ENSG00000105852	False	False
ENSG00000154040	False	False
ENSG00000151806	False	False
ENSG00000158125	False	False
ENSG00000213694	False	False
ENSG00000141526	False	False
ENSG00000143199	False	False
ENSG00000074706	False	False
ENSG00000104442	False	False
ENSG00000075240	False	False
ENSG00000119682	False	False
ENSG00000033100	False	False
ENSG00000106404	False	False
ENSG00000102243	False	False
ENSG00000196793	False	False
ENSG00000148408	False	False
ENSG00000134287	False	False
ENSG00000160194	False	False
ENSG00000203780	False	False
ENSG00000243067	False	False
ENSG00000130724	False	False
ENSG00000106688	False	False
ENSG00000254402	False	False
ENSG00000123594	False	False
ENSG00000104043	False	False
ENSG00000138640	False	False
ENSG00000138036	False	False
ENSG00000163701	False	False
ENSG00000075826	False	False
ENSG00000178295	False	False
ENSG00000074410	False	False
ENSG00000165583	False	False
ENSG00000121377	False	False
ENSG00000109832	False	False
ENSG00000115073	False	False
ENSG00000163913	False	False
ENSG00000181652	False	False
ENSG00000111729	False	False
ENSG00000137154	False	False
ENSG00000135272	False	False
ENSG00000281500	False	False
ENSG00000063322	False	False
ENSG00000124243	False	False
ENSG00000217128	False	False
ENSG00000113048	False	False
ENSG00000100033	False	False
	False	False
ENSG00000125459	False	False
ENSG00000163159	False	False
ENSG00000108342	False	False
ENSG00000225614	False	False
ENSG00000105825	False	False
ENSG00000139549	False	False
ENSG00000182985	False	False
ENSG00000125652	False	False
ENSG00000148926	False	False
ENSG00000129682	False	False
ENSG00000142507	False	False
ENSG00000277356	False	False
ENSG00000131398	False	False
ENSG00000148334	False	False
ENSG00000075673	False	False
ENSG00000121766	False	False
ENSG00000111907	False	False
ENSG00000117425	False	False
ENSG00000131469	False	False
ENSG00000186919	False	False
ENSG00000152147	False	False
ENSG00000188295	False	False
ENSG00000065923	False	False
	False	False
ENSG00000108641	False	False
ENSG00000203880	False	False
ENSG00000232258	False	False
ENSG00000196188	False	False
ENSG00000151379	False	False
ENSG00000155252	False	False
ENSG00000103942	False	False
ENSG00000122986	False	False
ENSG00000135625	False	False
ENSG00000198715	False	False
ENSG00000167741	False	False
ENSG00000006377	False	False
ENSG00000171421	False	False
ENSG00000140807	False	False
ENSG00000163644	False	False
ENSG00000137814	False	False
ENSG00000141384	False	False
ENSG00000133302	False	False
ENSG00000140522	False	False
ENSG00000165246	False	False
ENSG00000113719	False	False
ENSG00000184162	False	False
ENSG00000103343	False	False
ENSG00000285199	False	False
ENSG00000213741	False	False
ENSG00000169282	False	False
ENSG00000140854	False	False
ENSG00000123307	False	False
ENSG00000139725	False	False
ENSG00000153066	False	False
ENSG00000084733	False	False
ENSG00000269743	False	False
ENSG00000176024	False	False
ENSG00000177125	False	False
ENSG00000134765	False	False
ENSG00000178301	False	False
ENSG00000162704	False	False
ENSG00000256771	False	False
ENSG00000128524	False	False
ENSG00000182050	False	False
ENSG00000129151	False	False
ENSG00000139292	False	False
ENSG00000213463	False	False
ENSG00000146701	False	False
ENSG00000151500	False	False
ENSG00000284400	False	False
ENSG00000121864	False	False
ENSG00000150961	False	False
ENSG00000262788	False	False
ENSG00000168679	False	False
ENSG00000112941	False	False
ENSG00000099937	False	False
ENSG00000073067	False	False
ENSG00000165271	False	False
ENSG00000163527	False	False
ENSG00000105246	False	False
ENSG00000175879	False	False
ENSG00000101442	False	False
ENSG00000134278	False	False
ENSG00000179914	False	False
ENSG00000171189	False	False
ENSG00000188095	False	False
ENSG00000137161	False	False
ENSG00000184515	False	False
ENSG00000175395	False	False
ENSG00000187210	False	False
ENSG00000153130	False	False
ENSG00000154957	False	False
ENSG00000181847	False	False
ENSG00000143578	False	False
ENSG00000122642	True	False
ENSG00000171450	False	False
ENSG00000068383	False	False
ENSG00000111912	False	False
ENSG00000132031	False	False
ENSG00000181827	False	False
ENSG00000162139	False	False
ENSG00000116771	False	False
ENSG00000182158	True	False
ENSG00000198300	False	False
ENSG00000197121	False	False
ENSG00000124251	False	False
ENSG00000180667	False	False
ENSG00000182004	False	False
ENSG00000033627	False	False
ENSG00000130528	False	False
ENSG00000112078	False	False
ENSG00000144827	False	False
ENSG00000171056	False	False
ENSG00000183621	False	False
ENSG00000108828	False	False
ENSG00000185101	False	False
ENSG00000013297	False	False
ENSG00000134258	False	False
ENSG00000042445	False	False
ENSG00000204084	False	False
ENSG00000078725	False	False
ENSG00000095906	False	False
ENSG00000117643	False	False
ENSG00000135506	False	False
ENSG00000154710	False	False
ENSG00000198346	False	False
ENSG00000086544	False	False
ENSG00000085063	False	False
ENSG00000124103	False	False
ENSG00000127472	False	False
ENSG00000145888	False	False
ENSG00000163394	False	False
ENSG00000173825	False	False
ENSG00000167861	False	False
ENSG00000106809	False	False
ENSG00000130720	False	False
ENSG00000172340	False	False
ENSG00000175097	False	False
ENSG00000178031	False	False
ENSG00000166173	False	False
ENSG00000117480	False	False
ENSG00000198939	False	False
ENSG00000244444	False	False
ENSG00000090889	False	False
ENSG00000130640	False	False
ENSG00000104783	False	False
ENSG00000186889	False	False
ENSG00000110243	False	False
ENSG00000197808	False	False
ENSG00000145217	False	False
ENSG00000171603	False	False
ENSG00000125813	False	False
ENSG00000136935	False	False
ENSG00000125363	False	False
ENSG00000140505	True	False
ENSG00000160961	False	False
ENSG00000105929	False	False
ENSG00000284161	False	False
ENSG00000113946	False	False
ENSG00000251493	False	False
ENSG00000147100	False	False
ENSG00000125378	False	False
ENSG00000134531	False	False
ENSG00000099326	False	False
ENSG00000032444	False	False
ENSG00000184012	True	False
ENSG00000142556	False	False
ENSG00000150281	False	False
ENSG00000184602	False	False
ENSG00000123684	False	False
ENSG00000149305	False	False
ENSG00000171403	False	False
ENSG00000161243	False	False
ENSG00000145703	False	False
ENSG00000196323	False	False
ENSG00000278695	False	False
ENSG00000143753	False	False
ENSG00000112079	False	False
ENSG00000124449	False	False
ENSG00000198648	False	False
ENSG00000134285	False	False
ENSG00000111077	False	False
ENSG00000167325	False	False
ENSG00000163754	False	False
ENSG00000165643	False	False
ENSG00000110079	False	False
ENSG00000102230	False	False
ENSG00000168438	False	False
ENSG00000065000	False	False
ENSG00000166295	False	False
ENSG00000136697	False	False
ENSG00000159173	False	False
ENSG00000196358	False	False
ENSG00000196850	False	False
ENSG00000169994	False	False
	False	False
ENSG00000083307	False	False
ENSG00000173726	False	False
ENSG00000134216	False	False
ENSG00000169905	False	False
ENSG00000178718	False	False
ENSG00000055732	False	False
	False	False
ENSG00000131914	False	False
ENSG00000147679	False	False
ENSG00000135973	False	False
ENSG00000121281	False	False
ENSG00000100151	False	False
ENSG00000149089	False	False
ENSG00000168216	False	False
ENSG00000112936	False	False
ENSG00000144746	False	False
ENSG00000187792	False	False
ENSG00000144619	False	False
ENSG00000048140	False	False
ENSG00000196187	False	False
ENSG00000071967	False	False
ENSG00000168995	False	False
ENSG00000105388	False	False
ENSG00000130725	False	False
ENSG00000184349	False	False
ENSG00000139998	False	False
ENSG00000273494	False	False
ENSG00000263761	False	False
ENSG00000185085	False	False
ENSG00000139767	False	False
ENSG00000121743	False	False
ENSG00000188910	False	False
ENSG00000196743	False	False
ENSG00000159433	False	False
ENSG00000174576	False	False
ENSG00000124126	False	False
ENSG00000187775	False	False
ENSG00000101670	False	False
ENSG00000136643	False	False
ENSG00000180855	False	False
ENSG00000163257	False	False
ENSG00000184117	False	False
ENSG00000167770	False	False
ENSG00000160563	False	False
ENSG00000067992	False	False
ENSG00000204983	False	False
ENSG00000166123	False	False
ENSG00000056998	False	False
ENSG00000134452	False	False
ENSG00000185838	False	False
ENSG00000169567	False	False
ENSG00000113328	False	False
ENSG00000103528	False	False
ENSG00000100865	False	False
ENSG00000081041	False	False
ENSG00000254004	False	False
ENSG00000129173	False	False
ENSG00000164329	False	False
ENSG00000128951	False	False
ENSG00000164062	False	False
ENSG00000011021	False	False
ENSG00000111906	False	False
ENSG00000103066	False	False
ENSG00000151005	False	False
ENSG00000115271	False	False
ENSG00000131115	False	False
ENSG00000196459	False	False
ENSG00000146223	False	False
ENSG00000085365	False	False
ENSG00000069431	False	False
ENSG00000117016	False	False
ENSG00000145192	False	False
ENSG00000134996	False	False
ENSG00000166527	False	False
ENSG00000107521	False	False
ENSG00000164902	False	False
ENSG00000183628	False	False
ENSG00000122122	False	False
ENSG00000177508	False	False
ENSG00000179913	False	False
ENSG00000125746	False	False
ENSG00000105879	False	False
ENSG00000083635	False	False
ENSG00000161542	False	False
ENSG00000197530	False	False
ENSG00000179598	False	False
ENSG00000125492	False	False
ENSG00000108010	False	False
ENSG00000137225	False	False
ENSG00000100596	False	False
ENSG00000180479	False	False
ENSG00000113070	False	False
ENSG00000145912	False	False
ENSG00000164161	False	False
ENSG00000213578	False	False
ENSG00000170175	False	False
ENSG00000143545	False	False
ENSG00000139428	False	False
ENSG00000214413	False	False
ENSG00000140905	False	False
ENSG00000158315	False	False
ENSG00000005812	False	False
ENSG00000116748	False	False
ENSG00000157657	False	False
ENSG00000281139	False	False
ENSG00000142541	False	False
ENSG00000169239	False	False
ENSG00000113141	False	False
ENSG00000179041	False	False
ENSG00000181852	False	False
ENSG00000177875	False	False
ENSG00000139329	False	False
ENSG00000175426	False	False
ENSG00000141391	False	False
ENSG00000091181	False	False
ENSG00000081721	False	False
ENSG00000131480	False	False
ENSG00000186020	False	False
ENSG00000250722	False	False
ENSG00000104953	False	False
ENSG00000170322	False	False
ENSG00000167333	False	False
ENSG00000113327	False	False
ENSG00000143333	False	False
ENSG00000116209	False	False
ENSG00000185897	False	False
ENSG00000168575	False	False
ENSG00000164849	False	False
	False	False
ENSG00000273274	False	False
ENSG00000113205	False	False
ENSG00000103710	False	False
ENSG00000182508	False	False
ENSG00000124333	False	False
ENSG00000111716	False	False
ENSG00000197372	False	False
ENSG00000132763	False	False
ENSG00000197497	False	False
ENSG00000253626	False	False
ENSG00000110218	False	False
ENSG00000198794	False	False
ENSG00000285181	False	False
ENSG00000138356	False	False
ENSG00000130962	False	False
ENSG00000135423	False	False
ENSG00000126251	False	False
ENSG00000114757	False	False
ENSG00000197008	False	False
ENSG00000138442	False	False
ENSG00000161533	False	False
ENSG00000139211	False	False
ENSG00000164035	False	False
ENSG00000123243	False	False
ENSG00000157429	False	False
ENSG00000177599	False	False
ENSG00000156535	False	False
ENSG00000105402	False	False
ENSG00000163735	False	False
ENSG00000109272	False	False
ENSG00000138600	False	False
ENSG00000143376	False	False
ENSG00000135374	False	False
ENSG00000140993	False	False
ENSG00000213977	False	False
ENSG00000100348	False	False
ENSG00000070785	False	False
ENSG00000176401	False	False
ENSG00000182795	False	False
ENSG00000258724	False	False
ENSG00000123810	False	False
ENSG00000152583	False	False
ENSG00000181016	False	False
ENSG00000171858	False	False
ENSG00000135917	False	False
ENSG00000087884	False	False
ENSG00000163739	False	False
ENSG00000053371	False	False
ENSG00000198336	False	False
ENSG00000177225	False	False
ENSG00000139344	False	False
ENSG00000102870	False	False
ENSG00000105509	False	False
ENSG00000079134	False	False
ENSG00000166965	False	False
ENSG00000198925	False	False
ENSG00000162545	False	False
ENSG00000171617	False	False
ENSG00000155115	False	False
ENSG00000164256	False	False
ENSG00000167434	False	False
ENSG00000105136	False	False
	False	False
ENSG00000188266	False	False
ENSG00000177202	False	False
ENSG00000114268	False	False
ENSG00000108528	False	False
ENSG00000178175	False	False
ENSG00000114978	False	False
ENSG00000104888	False	False
ENSG00000136720	False	False
ENSG00000198887	False	False
ENSG00000054983	False	False
ENSG00000105373	False	False
ENSG00000214415	False	False
ENSG00000116649	False	False
ENSG00000169100	False	False
ENSG00000168237	False	False
ENSG00000172000	False	False
ENSG00000104142	False	False
ENSG00000144560	False	False
ENSG00000285302	False	False
ENSG00000137731	False	False
ENSG00000137648	False	False
ENSG00000167962	False	False
ENSG00000186792	False	False
ENSG00000156521	False	False
ENSG00000080546	False	False
ENSG00000003147	False	False
ENSG00000164011	False	False
ENSG00000049089	False	False
ENSG00000170634	False	False
ENSG00000196475	False	False
ENSG00000106948	False	False
ENSG00000163788	False	False
ENSG00000205809	False	False
ENSG00000109084	False	False
ENSG00000204397	False	False
ENSG00000135953	False	False
ENSG00000143921	False	False
ENSG00000156510	False	False
ENSG00000163864	False	False
ENSG00000188620	False	False
ENSG00000173113	False	False
ENSG00000105677	False	False
ENSG00000084090	False	False
ENSG00000105171	False	False
ENSG00000213420	False	False
ENSG00000103365	False	False
ENSG00000255112	False	False
ENSG00000166847	False	False
ENSG00000133773	False	False
ENSG00000242950	False	False
ENSG00000182141	False	False
ENSG00000129515	False	False
ENSG00000222011	False	False
ENSG00000275003	False	False
ENSG00000165194	False	False
ENSG00000165507	False	False
ENSG00000141946	False	False
ENSG00000152558	False	False
ENSG00000068650	False	False
ENSG00000158485	False	False
ENSG00000167625	False	False
ENSG00000136052	False	False
ENSG00000128340	False	False
ENSG00000146243	False	False
ENSG00000198513	False	False
ENSG00000132768	False	False
ENSG00000159479	False	False
ENSG00000186810	False	False
ENSG00000172156	False	False
ENSG00000166928	False	False
ENSG00000105374	False	False
ENSG00000263014	False	False
ENSG00000134193	False	False
ENSG00000054219	False	False
ENSG00000141741	False	False
ENSG00000173083	False	False
ENSG00000134594	False	False
ENSG00000119950	False	False
ENSG00000147874	False	False
ENSG00000109572	False	False
ENSG00000146143	False	False
ENSG00000085415	False	False
ENSG00000165105	False	False
ENSG00000156603	False	False
ENSG00000163661	False	False
ENSG00000162390	False	False
ENSG00000158578	False	False
ENSG00000181035	False	False
ENSG00000105058	False	False
ENSG00000274348	False	False
ENSG00000117305	False	False
ENSG00000171989	False	False
ENSG00000124157	False	False
ENSG00000128789	False	False
ENSG00000172336	False	False
ENSG00000006625	False	False
ENSG00000120242	False	False
ENSG00000115762	False	False
ENSG00000184005	False	False
ENSG00000115841	False	False
ENSG00000070010	False	False
ENSG00000117595	False	False
ENSG00000167791	False	False
ENSG00000122420	False	False
ENSG00000143028	False	False
ENSG00000124233	False	False
ENSG00000088970	False	False
ENSG00000163686	False	False
ENSG00000095321	False	False
ENSG00000133313	False	False
ENSG00000180592	False	False
ENSG00000186283	False	False
ENSG00000166523	False	False
ENSG00000164332	False	False
ENSG00000130255	False	False
ENSG00000113196	False	False
ENSG00000176371	False	False
ENSG00000149485	False	False
ENSG00000118939	False	False
ENSG00000163746	False	False
ENSG00000139197	False	False
ENSG00000155465	False	False
ENSG00000131724	False	False
ENSG00000170128	False	False
ENSG00000122299	False	False
ENSG00000028203	False	False
ENSG00000137513	False	False
ENSG00000204197	False	False
ENSG00000198049	False	False
ENSG00000233816	False	False
ENSG00000206075	False	False
ENSG00000122034	False	False
ENSG00000171124	False	False
ENSG00000186197	False	False
ENSG00000171763	False	False
ENSG00000104967	False	False
ENSG00000108788	False	False
ENSG00000160161	False	False
ENSG00000072778	False	False
ENSG00000277445	False	False
ENSG00000170099	False	False
ENSG00000169223	False	False
ENSG00000005243	False	False
ENSG00000110169	False	False
ENSG00000177932	False	False
ENSG00000214872	False	False
ENSG00000143324	False	False
ENSG00000140299	False	False
ENSG00000073536	False	False
ENSG00000122678	False	False
ENSG00000189114	False	False
ENSG00000176597	False	False
ENSG00000166455	False	False
ENSG00000122863	False	False
ENSG00000111725	False	False
ENSG00000125834	False	False
ENSG00000103363	False	False
ENSG00000276858	False	False
ENSG00000284965	False	False
ENSG00000177182	False	False
ENSG00000137824	False	False
ENSG00000197776	False	False
ENSG00000124466	False	False
ENSG00000106038	False	False
ENSG00000099290	False	False
ENSG00000148702	False	False
	False	False
ENSG00000043355	False	False
ENSG00000088992	False	False
ENSG00000105699	False	False
ENSG00000166145	False	False
ENSG00000127588	False	False
ENSG00000170390	False	False
ENSG00000215704	False	False
ENSG00000144227	False	False
ENSG00000108298	False	False
ENSG00000205659	False	False
ENSG00000176533	False	False
ENSG00000130684	False	False
ENSG00000169604	False	False
ENSG00000175906	False	False
ENSG00000205420	False	False
ENSG00000120937	False	False
ENSG00000233813	False	False
ENSG00000121940	False	False
ENSG00000169313	False	False
ENSG00000103196	False	False
ENSG00000196449	False	False
ENSG00000172922	False	False
ENSG00000112852	False	False
ENSG00000163530	False	False
ENSG00000198455	False	False
ENSG00000142892	False	False
ENSG00000137269	False	False
ENSG00000139508	False	False
ENSG00000101850	False	False
ENSG00000088356	False	False
ENSG00000168491	False	False
ENSG00000107959	False	False
ENSG00000137474	False	False
ENSG00000101443	False	False
ENSG00000236221	False	False
ENSG00000055957	False	False
ENSG00000119760	False	False
ENSG00000154227	False	False
ENSG00000101400	False	False
ENSG00000105327	False	False
ENSG00000165795	False	False
ENSG00000141084	False	False
ENSG00000110066	False	False
ENSG00000105953	False	False
ENSG00000134265	False	False
ENSG00000188573	False	False
ENSG00000211460	False	False
ENSG00000036565	False	False
ENSG00000124935	False	False
ENSG00000137501	False	False
	False	False
ENSG00000114857	False	False
ENSG00000142252	False	False
ENSG00000118017	False	False
ENSG00000112303	False	False
ENSG00000142207	False	False
ENSG00000176383	False	False
ENSG00000184060	False	False
ENSG00000174871	False	False
ENSG00000188290	False	False
ENSG00000109956	False	False
ENSG00000117450	False	False
ENSG00000138449	False	False
ENSG00000163900	False	False
ENSG00000197272	False	False
ENSG00000004776	False	False
ENSG00000187908	False	False
ENSG00000203867	False	False
ENSG00000108100	False	False
ENSG00000163464	False	False
ENSG00000143882	False	False
ENSG00000162302	False	False
ENSG00000129673	False	False
ENSG00000205336	False	False
ENSG00000116514	False	False
ENSG00000145982	False	False
ENSG00000099800	False	False
ENSG00000119927	False	False
ENSG00000066422	False	False
ENSG00000168876	False	False
ENSG00000013016	False	False
ENSG00000198885	False	False
ENSG00000081760	False	False
ENSG00000164674	False	False
ENSG00000214042	False	False
ENSG00000077713	False	False
ENSG00000158545	False	False
ENSG00000115592	False	False
ENSG00000221838	False	False
ENSG00000186187	False	False
ENSG00000136827	False	False
	False	False
	False	False
ENSG00000127241	False	False
ENSG00000108582	False	False
ENSG00000140015	False	False
ENSG00000135677	False	False
ENSG00000102076	False	False
ENSG00000137185	False	False
ENSG00000122224	False	False
ENSG00000183513	False	False
	False	False
ENSG00000119900	False	False
ENSG00000138744	False	False
ENSG00000163762	False	False
ENSG00000165434	False	False
ENSG00000147813	False	False
ENSG00000248746	False	False
ENSG00000037241	False	False
ENSG00000160679	False	False
ENSG00000288512	False	False
ENSG00000062650	False	False
ENSG00000107562	True	False
ENSG00000124222	False	False
ENSG00000231543	False	False
ENSG00000107443	False	False
ENSG00000196104	False	False
ENSG00000183092	False	False
ENSG00000103569	False	False
ENSG00000128610	False	False
ENSG00000111817	False	False
ENSG00000153253	False	False
ENSG00000125818	False	False
ENSG00000140386	False	False
ENSG00000110975	False	False
ENSG00000169174	False	False
ENSG00000105379	False	False
ENSG00000158470	False	False
ENSG00000096872	False	False
ENSG00000102970	False	False
ENSG00000122729	False	False
ENSG00000165644	False	False
ENSG00000102349	False	False
ENSG00000154493	False	False
ENSG00000106631	False	False
ENSG00000220205	False	False
ENSG00000169908	False	False
ENSG00000178473	False	False
ENSG00000170681	False	False
ENSG00000101441	False	False
ENSG00000129244	False	False
ENSG00000108950	False	False
	False	False
ENSG00000068354	False	False
ENSG00000104081	False	False
ENSG00000176022	False	False
ENSG00000161896	False	False
ENSG00000165300	False	False
ENSG00000174564	False	False
	False	False
ENSG00000206418	False	False
ENSG00000104327	False	False
ENSG00000148943	False	False
ENSG00000168781	False	False
ENSG00000204764	False	False
ENSG00000138079	False	False
ENSG00000175550	False	False
ENSG00000131019	False	False
ENSG00000197646	True	False
ENSG00000278284	False	False
ENSG00000170779	False	False
ENSG00000105298	False	False
ENSG00000127989	False	False
	False	False
ENSG00000131409	False	False
ENSG00000090539	False	False
ENSG00000167264	False	False
ENSG00000168589	False	False
ENSG00000040608	False	False
ENSG00000109790	False	False
ENSG00000151240	False	False
ENSG00000155256	False	False
ENSG00000152413	False	False
ENSG00000142657	False	False
ENSG00000198934	False	False
ENSG00000111860	False	False
ENSG00000169218	False	False
ENSG00000240021	False	False
ENSG00000105497	False	False
ENSG00000197275	False	False
ENSG00000084734	False	False
ENSG00000169635	False	False
ENSG00000170613	False	False
ENSG00000213516	False	False
ENSG00000243056	False	False
ENSG00000203896	False	False
ENSG00000055044	False	False
ENSG00000285136	False	False
ENSG00000170786	False	False
ENSG00000248099	False	False
ENSG00000185559	False	False
ENSG00000179958	False	False
ENSG00000050130	False	False
ENSG00000244687	False	False
ENSG00000117751	False	False
ENSG00000166863	False	False
ENSG00000154240	False	False
ENSG00000086730	False	False
ENSG00000212122	False	False
ENSG00000132840	False	False
ENSG00000162551	False	False
ENSG00000178695	False	False
ENSG00000223481	False	False
ENSG00000184113	False	False
ENSG00000116032	False	False
ENSG00000101198	False	False
ENSG00000102001	False	False
ENSG00000047230	False	False
ENSG00000215251	False	False
ENSG00000141756	False	False
ENSG00000145439	False	False
ENSG00000135392	False	False
ENSG00000136378	False	False
ENSG00000115165	False	False
ENSG00000100473	False	False
ENSG00000117009	False	False
ENSG00000128342	False	False
ENSG00000140403	False	False
ENSG00000165810	False	False
ENSG00000182156	False	False
ENSG00000099999	False	False
ENSG00000163472	False	False
ENSG00000239789	False	False
ENSG00000173218	False	False
ENSG00000197093	False	False
ENSG00000204815	False	False
ENSG00000163882	False	False
ENSG00000059728	False	False
ENSG00000176476	False	False
ENSG00000129596	False	False
	False	False
ENSG00000218891	False	False
ENSG00000184156	False	False
ENSG00000141524	False	False
ENSG00000138792	False	False
ENSG00000115008	False	False
ENSG00000113161	False	False
ENSG00000174136	False	False
ENSG00000166396	False	False
ENSG00000003096	False	False
ENSG00000257446	False	False
ENSG00000140320	False	False
ENSG00000141101	False	False
ENSG00000185164	False	False
ENSG00000129480	False	False
	True	False
ENSG00000184271	False	False
ENSG00000085998	False	False
ENSG00000170915	False	False
ENSG00000115159	False	False
ENSG00000184517	False	False
ENSG00000135960	False	False
	False	False
ENSG00000077943	False	False
ENSG00000150637	False	False
ENSG00000164048	False	False
ENSG00000162695	False	False
ENSG00000224654	False	False
ENSG00000178163	False	False
ENSG00000161270	False	False
ENSG00000167754	False	False
ENSG00000079313	False	False
ENSG00000267534	False	False
ENSG00000132661	False	False
ENSG00000213398	False	False
ENSG00000228083	False	False
ENSG00000091542	False	False
ENSG00000129990	False	False
ENSG00000039123	False	False
ENSG00000078596	False	False
ENSG00000171517	False	False
ENSG00000163508	False	False
ENSG00000142528	False	False
ENSG00000160111	False	False
ENSG00000136213	False	False
ENSG00000167703	False	False
ENSG00000180447	False	False
ENSG00000149054	False	False
ENSG00000162645	False	False
ENSG00000174236	False	False
ENSG00000283727	False	False
	False	False
ENSG00000196275	False	False
ENSG00000285394	False	False
ENSG00000187961	False	False
ENSG00000185127	False	False
ENSG00000154845	False	False
ENSG00000024526	False	False
ENSG00000206306	False	False
ENSG00000274349	False	False
ENSG00000129968	False	False
ENSG00000196268	False	False
ENSG00000198040	False	False
ENSG00000112280	False	False
ENSG00000276068	False	False
ENSG00000163811	False	False
ENSG00000148344	False	False
ENSG00000161970	False	False
ENSG00000138760	False	False
ENSG00000184709	False	False
ENSG00000090674	False	False
ENSG00000104499	False	False
ENSG00000182685	False	False
ENSG00000120322	False	False
ENSG00000184697	False	False
ENSG00000197162	False	False
ENSG00000198771	False	False
ENSG00000173714	False	False
ENSG00000023608	False	False
ENSG00000121270	False	False
ENSG00000188883	False	False
ENSG00000102934	False	False
ENSG00000077984	False	False
ENSG00000166704	False	False
ENSG00000047597	False	False
ENSG00000137563	False	False
ENSG00000241935	False	False
ENSG00000092108	False	False
ENSG00000145979	False	False
ENSG00000174667	False	False
ENSG00000136758	False	False
ENSG00000148297	False	False
ENSG00000254245	False	False
ENSG00000183607	False	False
ENSG00000159450	False	False
ENSG00000163536	False	False
ENSG00000138385	False	False
ENSG00000169989	False	False
ENSG00000123500	False	False
ENSG00000124574	False	False
ENSG00000130005	False	False
ENSG00000090857	False	False
ENSG00000010318	False	False
ENSG00000110200	False	False
ENSG00000184588	False	False
ENSG00000141639	False	False
ENSG00000165724	False	False
ENSG00000167114	False	False
ENSG00000241233	False	False
ENSG00000141965	False	False
ENSG00000176894	False	False
ENSG00000103855	False	False
ENSG00000071575	False	False
ENSG00000124615	False	False
ENSG00000198892	False	False
ENSG00000166347	False	False
ENSG00000130208	False	False
ENSG00000105223	False	False
ENSG00000161944	False	False
ENSG00000105695	False	False
ENSG00000110944	False	False
ENSG00000204852	False	False
ENSG00000115504	False	False
ENSG00000137100	False	False
ENSG00000100319	False	False
ENSG00000143224	False	False
ENSG00000125735	False	False
ENSG00000166783	False	False
ENSG00000173812	False	False
ENSG00000143569	False	False
ENSG00000187024	False	False
ENSG00000063176	False	False
ENSG00000126217	False	False
ENSG00000160683	False	False
ENSG00000137080	False	False
ENSG00000172073	False	False
ENSG00000068885	False	False
ENSG00000160179	False	False
ENSG00000103742	False	False
ENSG00000120008	False	False
ENSG00000103199	False	False
ENSG00000115128	False	False
ENSG00000130368	False	False
ENSG00000135312	False	False
ENSG00000083807	False	False
ENSG00000184500	False	False
ENSG00000160570	False	False
ENSG00000124875	False	False
ENSG00000164346	False	False
ENSG00000173275	False	False
ENSG00000142687	False	False
ENSG00000165953	False	False
ENSG00000110900	False	False
ENSG00000118922	False	False
ENSG00000281917	False	False
ENSG00000152784	False	False
ENSG00000102312	False	False
ENSG00000205084	False	False
ENSG00000186272	False	False
ENSG00000122254	False	False
ENSG00000128564	False	False
ENSG00000261857	False	False
ENSG00000281861	False	False
ENSG00000143862	False	False
ENSG00000169242	False	False
ENSG00000166800	False	False
ENSG00000182087	False	False
ENSG00000179751	False	False
ENSG00000102921	False	False
ENSG00000164877	False	False
ENSG00000108587	False	False
ENSG00000165512	False	False
ENSG00000171823	False	False
ENSG00000124225	False	False
ENSG00000167083	False	False
ENSG00000164488	False	False
ENSG00000197467	False	False
ENSG00000262795	False	False
ENSG00000174903	False	False
ENSG00000116031	False	False
ENSG00000107371	False	False
ENSG00000132581	False	False
ENSG00000131943	False	False
ENSG00000171773	False	False
ENSG00000188820	False	False
ENSG00000167562	False	False
ENSG00000151233	False	False
ENSG00000101294	False	False
ENSG00000017260	False	False
ENSG00000185344	False	False
ENSG00000272325	False	False
ENSG00000001617	False	False
ENSG00000155438	False	False
ENSG00000170373	False	False
ENSG00000124140	False	False
ENSG00000165916	False	False
ENSG00000145782	False	False
ENSG00000150681	False	False
ENSG00000099246	False	False
ENSG00000198812	False	False
ENSG00000151611	False	False
ENSG00000158089	False	False
ENSG00000141655	False	False
ENSG00000276537	False	False
ENSG00000164124	False	False
ENSG00000143452	False	False
ENSG00000171533	False	False
ENSG00000187742	False	False
ENSG00000176925	False	False
ENSG00000102904	False	False
ENSG00000115421	False	False
ENSG00000134874	False	False
ENSG00000172476	False	False
ENSG00000134697	False	False
ENSG00000148200	False	False
ENSG00000011201	False	False
ENSG00000057608	False	False
ENSG00000144218	True	False
ENSG00000111796	False	False
ENSG00000101892	False	False
ENSG00000274675	False	False
ENSG00000113615	False	False
ENSG00000159374	False	False
ENSG00000183474	False	False
ENSG00000118276	False	False
ENSG00000262655	False	False
ENSG00000222028	False	False
ENSG00000115268	False	False
ENSG00000233801	False	False
ENSG00000255529	False	False
ENSG00000054179	False	False
	False	False
ENSG00000006007	False	False
ENSG00000120910	False	False
ENSG00000135912	False	False
ENSG00000118620	False	False
ENSG00000130052	False	False
ENSG00000152932	False	False
ENSG00000196329	False	False
ENSG00000169026	False	False
ENSG00000153086	False	False
ENSG00000141431	False	False
ENSG00000135436	False	False
ENSG00000145725	False	False
ENSG00000215186	False	False
ENSG00000105711	False	False
ENSG00000159387	False	False
ENSG00000182272	False	False
ENSG00000223443	False	False
ENSG00000174705	False	False
ENSG00000115596	False	False
	False	False
ENSG00000242612	False	False
ENSG00000116183	False	False
ENSG00000179981	False	False
ENSG00000244486	False	False
ENSG00000184047	False	False
ENSG00000165704	False	False
ENSG00000006194	False	False
ENSG00000085265	False	False
ENSG00000165802	False	False
ENSG00000170615	False	False
ENSG00000285007	False	False
ENSG00000119138	False	False
ENSG00000159307	False	False
ENSG00000106484	False	False
ENSG00000112697	False	False
ENSG00000140459	False	False
ENSG00000135898	False	False
ENSG00000243612	False	False
ENSG00000181588	False	False
ENSG00000237155	False	False
ENSG00000175920	False	False
ENSG00000166887	False	False
ENSG00000106771	False	False
ENSG00000160339	False	False
ENSG00000163069	False	False
ENSG00000123064	False	False
ENSG00000174500	False	False
ENSG00000116688	False	False
ENSG00000135406	False	False
ENSG00000161929	False	False
ENSG00000276461	False	False
ENSG00000117114	False	False
ENSG00000168539	False	False
ENSG00000006042	False	False
ENSG00000163684	False	False
ENSG00000177076	False	False
ENSG00000213973	False	False
ENSG00000253548	False	False
ENSG00000107186	False	False
ENSG00000175329	True	False
ENSG00000174885	False	False
ENSG00000170954	False	False
ENSG00000054690	False	False
ENSG00000135914	False	False
ENSG00000119698	False	False
ENSG00000198315	False	False
ENSG00000115616	False	False
ENSG00000153140	False	False
ENSG00000179059	False	False
ENSG00000166736	False	False
ENSG00000253537	False	False
ENSG00000140474	False	False
ENSG00000188283	False	False
ENSG00000171431	False	False
ENSG00000181690	True	False
ENSG00000172426	False	False
ENSG00000196417	False	False
ENSG00000074047	False	False
ENSG00000179954	False	False
ENSG00000127054	False	False
ENSG00000149179	False	False
ENSG00000109163	True	False
ENSG00000111305	False	False
ENSG00000172339	False	False
ENSG00000051128	False	False
ENSG00000172602	False	False
ENSG00000132676	False	False
ENSG00000213186	False	False
ENSG00000167588	False	False
ENSG00000132716	False	False
ENSG00000172139	False	False
ENSG00000159409	False	False
ENSG00000184956	False	False
ENSG00000168329	False	False
ENSG00000146063	False	False
ENSG00000118985	False	False
ENSG00000148965	False	False
ENSG00000162496	False	False
ENSG00000108878	False	False
ENSG00000121073	False	False
ENSG00000160471	False	False
ENSG00000163344	False	False
ENSG00000138073	False	False
ENSG00000143536	False	False
ENSG00000103047	False	False
ENSG00000005889	False	False
ENSG00000156150	False	False
ENSG00000197044	False	False
ENSG00000163655	True	False
ENSG00000181826	False	False
ENSG00000144026	False	False
ENSG00000160908	False	False
ENSG00000137871	False	False
ENSG00000157350	False	False
ENSG00000111254	False	False
ENSG00000155287	False	False
ENSG00000163541	False	False
ENSG00000186814	False	False
ENSG00000149328	False	False
ENSG00000151224	False	False
ENSG00000169692	False	False
	False	False
ENSG00000170899	False	False
ENSG00000176160	False	False
ENSG00000116996	False	False
ENSG00000138380	False	False
ENSG00000167216	False	False
ENSG00000164756	False	False
ENSG00000177700	False	False
ENSG00000073670	False	False
ENSG00000106384	False	False
ENSG00000129158	False	False
ENSG00000041982	True	False
ENSG00000183580	False	False
ENSG00000186517	False	False
ENSG00000164794	False	False
ENSG00000186001	False	False
ENSG00000136002	False	False
ENSG00000090316	False	False
ENSG00000141252	False	False
ENSG00000087053	False	False
ENSG00000183317	False	False
ENSG00000109424	False	False
ENSG00000116783	False	False
ENSG00000184076	False	False
ENSG00000132554	False	False
ENSG00000168566	False	False
ENSG00000124253	False	False
ENSG00000180767	False	False
ENSG00000158516	False	False
ENSG00000213413	False	False
ENSG00000130165	False	False
ENSG00000124731	False	False
ENSG00000188321	False	False
ENSG00000118640	False	False
ENSG00000029364	False	False
ENSG00000162482	False	False
ENSG00000137818	False	False
ENSG00000130414	False	False
ENSG00000140548	False	False
ENSG00000112378	False	False
ENSG00000171551	False	False
ENSG00000187689	False	False
ENSG00000125703	False	False
ENSG00000108733	False	False
ENSG00000155254	False	False
ENSG00000100276	False	False
ENSG00000197444	False	False
ENSG00000133805	False	False
ENSG00000186150	False	False
ENSG00000135763	False	False
ENSG00000184277	False	False
ENSG00000104369	False	False
ENSG00000107537	False	False
ENSG00000083544	False	False
ENSG00000129295	False	False
ENSG00000116205	False	False
ENSG00000243927	False	False
ENSG00000172243	False	False
ENSG00000166926	False	False
ENSG00000146833	False	False
ENSG00000213465	False	False
ENSG00000126249	False	False
ENSG00000136867	False	False
	False	False
ENSG00000104915	False	False
ENSG00000108846	False	False
ENSG00000171291	False	False
ENSG00000105701	False	False
ENSG00000186684	False	False
ENSG00000089775	False	False
ENSG00000274619	False	False
ENSG00000074582	False	False
ENSG00000149050	False	False
ENSG00000182963	False	False
ENSG00000188921	False	False
ENSG00000139651	False	False
ENSG00000205758	False	False
ENSG00000169676	False	False
ENSG00000140519	False	False
ENSG00000169783	False	False
ENSG00000171051	False	False
ENSG00000186442	False	False
ENSG00000102781	False	False
ENSG00000157600	False	False
ENSG00000087237	False	False
ENSG00000242335	False	False
ENSG00000116237	False	False
ENSG00000116791	False	False
ENSG00000110848	False	False
ENSG00000165349	False	False
ENSG00000008513	False	False
ENSG00000139160	False	False
ENSG00000102401	False	False
ENSG00000083454	False	False
ENSG00000144468	False	False
ENSG00000047249	False	False
ENSG00000127074	False	False
ENSG00000262473	False	False
ENSG00000148634	False	False
ENSG00000144040	False	False
ENSG00000001084	False	False
ENSG00000105443	False	False
ENSG00000204237	False	False
ENSG00000064787	False	False
ENSG00000143774	False	False
ENSG00000170289	False	False
ENSG00000006695	False	False
ENSG00000127884	False	False
ENSG00000179304	False	False
ENSG00000163605	False	False
ENSG00000165678	False	False
ENSG00000125744	False	False
ENSG00000174842	False	False
ENSG00000118596	False	False
ENSG00000198042	False	False
ENSG00000173432	False	False
ENSG00000135245	False	False
ENSG00000163874	False	False
ENSG00000135451	False	False
ENSG00000167107	False	False
ENSG00000137876	False	False
ENSG00000110077	False	False
ENSG00000179091	False	False
ENSG00000168209	False	False
ENSG00000198093	False	False
ENSG00000134049	False	False
ENSG00000127418	False	False
ENSG00000214435	False	False
ENSG00000166432	False	False
ENSG00000233276	True	False
ENSG00000136040	False	False
ENSG00000139990	False	False
ENSG00000184831	False	False
ENSG00000137561	False	False
ENSG00000164054	False	False
ENSG00000176204	False	False
ENSG00000135929	False	False
ENSG00000118242	False	False
ENSG00000162144	False	False
ENSG00000121207	False	False
ENSG00000147251	False	False
ENSG00000136237	False	False
ENSG00000181481	False	False
ENSG00000108684	False	False
ENSG00000103021	False	False
ENSG00000142669	False	False
ENSG00000130649	False	False
ENSG00000021355	False	False
ENSG00000197134	False	False
ENSG00000056291	False	False
ENSG00000134744	False	False
ENSG00000136874	False	False
ENSG00000060982	False	False
ENSG00000167780	False	False
ENSG00000147905	False	False
ENSG00000171631	False	False
ENSG00000008952	False	False
ENSG00000188322	False	False
ENSG00000078668	False	False
ENSG00000198670	False	False
ENSG00000104221	False	False
ENSG00000109475	False	False
ENSG00000010256	False	False
ENSG00000198301	False	False
ENSG00000174446	False	False
ENSG00000154144	False	False
ENSG00000288359	False	False
ENSG00000162104	False	False
ENSG00000136147	False	False
ENSG00000196876	False	False
ENSG00000110195	False	False
ENSG00000214827	True	False
ENSG00000109576	False	False
ENSG00000168671	False	False
ENSG00000121039	False	False
ENSG00000145687	False	False
ENSG00000104472	False	False
ENSG00000107518	False	False
ENSG00000148335	False	False
ENSG00000086061	False	False
ENSG00000123191	False	False
ENSG00000092929	False	False
ENSG00000065485	False	False
ENSG00000176293	False	False
ENSG00000126895	False	False
ENSG00000228267	False	False
ENSG00000180532	False	False
ENSG00000100228	False	False
ENSG00000007933	False	False
ENSG00000174944	False	False
ENSG00000135622	False	False
ENSG00000281449	False	False
ENSG00000153896	False	False
ENSG00000168907	False	False
ENSG00000145685	False	False
ENSG00000206561	False	False
ENSG00000121406	False	False
ENSG00000054967	False	False
ENSG00000100626	False	False
ENSG00000103591	False	False
ENSG00000151715	False	False
	False	False
ENSG00000163877	False	False
ENSG00000117983	False	False
ENSG00000081985	False	False
ENSG00000130204	False	False
ENSG00000168546	False	False
ENSG00000156384	False	False
ENSG00000162975	False	False
ENSG00000105707	False	False
ENSG00000173480	False	False
ENSG00000177706	False	False
ENSG00000110881	False	False
	False	False
ENSG00000225141	False	False
ENSG00000133597	False	False
ENSG00000185621	False	False
ENSG00000012174	False	False
ENSG00000092020	False	False
ENSG00000160097	False	False
ENSG00000236843	False	False
ENSG00000143390	False	False
ENSG00000125863	False	False
ENSG00000110025	False	False
ENSG00000167981	False	False
	False	False
ENSG00000176909	False	False
ENSG00000165376	False	False
ENSG00000156486	False	False
ENSG00000132612	False	False
ENSG00000186106	False	False
ENSG00000154655	False	False
ENSG00000099194	False	False
ENSG00000106080	False	False
ENSG00000175264	False	False
ENSG00000168874	False	False
ENSG00000160445	False	False
ENSG00000182463	False	False
ENSG00000175646	False	False
ENSG00000099940	False	False
ENSG00000148985	False	False
ENSG00000288485	False	False
ENSG00000167037	False	False
ENSG00000197448	False	False
ENSG00000100665	False	False
ENSG00000273575	False	False
ENSG00000050393	False	False
ENSG00000086598	False	False
ENSG00000130176	False	False
ENSG00000187151	False	False
ENSG00000131061	False	False
ENSG00000089009	False	False
ENSG00000184677	False	False
ENSG00000139641	False	False
ENSG00000049769	False	False
ENSG00000174939	False	False
ENSG00000263243	False	False
ENSG00000181045	False	False
ENSG00000169035	False	False
ENSG00000156232	False	False
ENSG00000112425	False	False
ENSG00000169299	False	False
ENSG00000091490	False	False
ENSG00000221946	False	False
ENSG00000004534	False	False
ENSG00000183655	False	False
ENSG00000025039	False	False
ENSG00000072694	True	False
ENSG00000176390	False	False
ENSG00000099797	False	False
ENSG00000013306	False	False
ENSG00000106853	False	False
ENSG00000167769	False	False
ENSG00000177938	False	False
ENSG00000104093	False	False
ENSG00000168291	False	False
ENSG00000134262	False	False
ENSG00000161640	False	False
ENSG00000149262	False	False
ENSG00000167618	False	False
ENSG00000205863	False	False
ENSG00000050030	False	False
ENSG00000010270	False	False
ENSG00000143515	False	False
ENSG00000173786	False	False
ENSG00000186017	False	False
ENSG00000128294	False	False
ENSG00000115604	False	False
ENSG00000117174	False	False
ENSG00000110047	False	False
ENSG00000135070	False	False
ENSG00000185905	False	False
ENSG00000100395	False	False
ENSG00000132824	False	False
ENSG00000147262	False	False
ENSG00000158555	False	False
ENSG00000163528	False	False
ENSG00000111319	False	False
ENSG00000115361	False	False
	False	False
ENSG00000138613	False	False
ENSG00000164326	False	False
ENSG00000157800	False	False
ENSG00000106034	False	False
ENSG00000110844	True	False
ENSG00000166166	False	False
ENSG00000256087	False	False
ENSG00000070019	False	False
ENSG00000171595	False	False
ENSG00000105428	False	False
ENSG00000109445	False	False
ENSG00000163660	False	False
ENSG00000175489	False	False
ENSG00000157542	False	False
ENSG00000187559	False	False
ENSG00000104755	False	False
ENSG00000088756	False	False
ENSG00000143570	False	False
ENSG00000215474	False	False
ENSG00000135093	False	False
ENSG00000141401	False	False
ENSG00000063587	False	False
ENSG00000165496	False	False
ENSG00000186479	False	False
ENSG00000240654	False	False
ENSG00000145861	False	False
ENSG00000140983	False	False
ENSG00000213799	False	False
ENSG00000119915	False	False
ENSG00000196859	False	False
ENSG00000103876	False	False
ENSG00000127743	False	False
ENSG00000178732	False	False
ENSG00000167346	False	False
ENSG00000276836	False	False
ENSG00000163053	False	False
ENSG00000087589	False	False
ENSG00000183617	False	False
ENSG00000197563	False	False
ENSG00000125485	False	False
ENSG00000128039	False	False
ENSG00000164889	False	False
ENSG00000174567	False	False
ENSG00000105549	False	False
ENSG00000135002	False	False
ENSG00000169885	False	False
	False	False
ENSG00000175315	False	False
ENSG00000170465	False	False
ENSG00000183196	False	False
ENSG00000109501	False	False
ENSG00000166311	False	False
ENSG00000146757	False	False
ENSG00000083817	False	False
ENSG00000177947	False	False
ENSG00000144681	False	False
ENSG00000166401	False	False
ENSG00000186010	False	False
ENSG00000170748	False	False
ENSG00000276838	False	False
ENSG00000168528	False	False
ENSG00000250510	False	False
ENSG00000136286	False	False
ENSG00000103502	False	False
ENSG00000132781	True	False
ENSG00000142910	False	False
ENSG00000171234	False	False
ENSG00000140678	False	False
ENSG00000131781	False	False
ENSG00000157045	False	False
ENSG00000186184	False	False
ENSG00000163833	False	False
	False	False
ENSG00000164520	False	False
ENSG00000139644	False	False
ENSG00000213927	False	False
ENSG00000133983	False	False
ENSG00000110375	False	False
ENSG00000137822	False	False
ENSG00000106009	False	False
ENSG00000119705	False	False
ENSG00000154438	False	False
ENSG00000138035	False	False
ENSG00000072786	False	False
ENSG00000153214	False	False
ENSG00000129472	False	False
ENSG00000176422	False	False
ENSG00000170266	False	False
ENSG00000282291	False	False
ENSG00000152749	False	False
ENSG00000103035	False	False
ENSG00000166181	False	False
ENSG00000171509	False	False
ENSG00000213047	False	False
ENSG00000170522	False	False
ENSG00000139318	False	False
ENSG00000132591	False	False
ENSG00000182903	False	False
ENSG00000165269	False	False
ENSG00000100100	False	False
ENSG00000138642	False	False
ENSG00000160972	False	False
ENSG00000165730	False	False
ENSG00000134108	False	False
ENSG00000105427	False	False
ENSG00000261934	False	False
ENSG00000148187	False	False
ENSG00000163623	False	False
ENSG00000092068	False	False
ENSG00000104804	False	False
ENSG00000158467	False	False
ENSG00000073849	False	False
ENSG00000166682	False	False
ENSG00000174915	False	False
ENSG00000088926	False	False
ENSG00000123561	False	False
ENSG00000137948	False	False
ENSG00000135617	False	False
ENSG00000137842	False	False
ENSG00000164647	False	False
ENSG00000164051	False	False
ENSG00000108551	False	False
ENSG00000147443	False	False
ENSG00000108561	False	False
ENSG00000155463	False	False
ENSG00000181396	False	False
ENSG00000185697	False	False
ENSG00000170876	False	False
ENSG00000155545	False	False
	False	False
ENSG00000180613	False	False
ENSG00000185873	False	False
ENSG00000133800	False	False
ENSG00000108018	False	False
ENSG00000134962	False	False
ENSG00000135443	False	False
ENSG00000091704	False	False
ENSG00000196967	False	False
ENSG00000196378	False	False
ENSG00000281309	False	False
ENSG00000158008	False	False
ENSG00000103740	False	False
ENSG00000198522	False	False
ENSG00000151948	False	False
ENSG00000111144	False	False
ENSG00000123472	False	False
ENSG00000155008	False	False
ENSG00000101200	False	False
ENSG00000173137	False	False
ENSG00000198783	False	False
ENSG00000000457	False	False
ENSG00000185896	False	False
ENSG00000203926	False	False
ENSG00000198021	False	False
ENSG00000104951	False	False
ENSG00000101052	False	False
ENSG00000115353	False	False
ENSG00000152056	False	False
ENSG00000116747	False	False
ENSG00000060971	False	False
ENSG00000174928	False	False
ENSG00000180035	False	False
ENSG00000198876	False	False
ENSG00000168824	False	False
ENSG00000023228	False	False
ENSG00000237333	False	False
ENSG00000104723	False	False
ENSG00000104938	False	False
ENSG00000174343	False	False
ENSG00000160932	False	False
ENSG00000105612	False	False
ENSG00000131055	False	False
ENSG00000033170	False	False
ENSG00000196562	False	False
ENSG00000100897	False	False
ENSG00000164506	False	False
ENSG00000143590	False	False
ENSG00000162639	False	False
ENSG00000174748	False	False
ENSG00000051620	False	False
ENSG00000109255	False	False
ENSG00000173950	False	False
ENSG00000148935	False	False
ENSG00000156958	False	False
ENSG00000235941	False	False
ENSG00000119673	False	False
ENSG00000182674	False	False
ENSG00000109929	False	False
ENSG00000162782	False	False
ENSG00000113460	False	False
ENSG00000137509	False	False
ENSG00000140675	False	False
ENSG00000130038	False	False
ENSG00000131015	False	False
ENSG00000146072	False	False
ENSG00000175155	False	False
ENSG00000012660	False	False
ENSG00000092607	False	False
ENSG00000136718	False	False
ENSG00000257335	False	False
ENSG00000122711	False	False
ENSG00000156113	False	False
ENSG00000256060	False	False
ENSG00000072415	False	False
ENSG00000113621	False	False
ENSG00000150471	False	False
ENSG00000145920	False	False
ENSG00000182585	False	False
ENSG00000175591	False	False
ENSG00000023839	False	False
ENSG00000005075	False	False
ENSG00000128590	False	False
ENSG00000116199	False	False
ENSG00000224051	False	False
ENSG00000153933	False	False
ENSG00000111536	False	False
ENSG00000130595	False	False
ENSG00000120370	False	False
ENSG00000107742	False	False
ENSG00000112110	False	False
ENSG00000091972	False	False
ENSG00000106178	False	False
ENSG00000145244	False	False
ENSG00000074201	False	False
ENSG00000171812	False	False
ENSG00000165233	False	False
ENSG00000146433	False	False
ENSG00000275385	False	False
ENSG00000143994	False	False
ENSG00000104918	False	False
ENSG00000185960	False	False
ENSG00000089486	False	False
ENSG00000198963	False	False
ENSG00000178386	False	False
ENSG00000242574	False	False
ENSG00000165633	False	False
ENSG00000186334	False	False
ENSG00000166006	False	False
ENSG00000145868	False	False
ENSG00000131475	False	False
ENSG00000167850	False	False
ENSG00000101405	False	False
ENSG00000164136	False	False
ENSG00000130518	False	False
ENSG00000140986	False	False
ENSG00000172789	False	False
ENSG00000197457	False	False
ENSG00000244588	False	False
ENSG00000146411	False	False
ENSG00000148377	False	False
ENSG00000090863	False	False
ENSG00000159348	False	False
ENSG00000101019	False	False
ENSG00000143748	False	False
ENSG00000006606	False	False
ENSG00000124212	False	False
ENSG00000157303	False	False
ENSG00000242114	False	False
ENSG00000232957	False	False
ENSG00000213658	False	False
ENSG00000104879	False	False
ENSG00000143184	False	False
ENSG00000105767	False	False
ENSG00000172116	False	False
ENSG00000182372	False	False
ENSG00000178826	False	False
ENSG00000188243	False	False
ENSG00000084073	False	False
ENSG00000076344	False	False
ENSG00000154734	False	False
ENSG00000196263	False	False
ENSG00000164610	False	False
ENSG00000110057	False	False
ENSG00000133247	False	False
ENSG00000147117	False	False
ENSG00000203877	False	False
ENSG00000152049	False	False
ENSG00000001630	False	False
ENSG00000128694	False	False
ENSG00000101577	False	False
ENSG00000159212	False	False
ENSG00000087250	False	False
ENSG00000197020	False	False
ENSG00000106636	False	False
ENSG00000197054	False	False
ENSG00000142065	False	False
ENSG00000189046	False	False
ENSG00000087085	False	False
ENSG00000204519	False	False
ENSG00000147650	False	False
ENSG00000134602	False	False
ENSG00000116985	False	False
ENSG00000064102	False	False
ENSG00000133142	False	False
ENSG00000255408	False	False
ENSG00000185760	False	False
ENSG00000117054	False	False
ENSG00000165471	False	False
ENSG00000223802	False	False
ENSG00000137409	False	False
ENSG00000122375	False	False
ENSG00000113209	False	False
ENSG00000178149	False	False
ENSG00000189298	False	False
ENSG00000212935	False	False
ENSG00000263310	False	False
ENSG00000258315	False	False
ENSG00000123933	False	False
ENSG00000221968	False	False
ENSG00000197343	False	False
ENSG00000099219	False	False
ENSG00000151012	False	False
ENSG00000172260	False	False
ENSG00000171033	False	False
ENSG00000170848	False	False
ENSG00000169826	False	False
ENSG00000099984	False	False
ENSG00000248383	False	False
ENSG00000132481	False	False
ENSG00000126953	False	False
ENSG00000198182	False	False
ENSG00000189030	False	False
ENSG00000226479	False	False
ENSG00000198162	False	False
ENSG00000185437	False	False
ENSG00000075142	False	False
ENSG00000198393	False	False
ENSG00000115317	False	False
ENSG00000177628	False	False
ENSG00000125841	False	False
ENSG00000137941	False	False
ENSG00000171819	False	False
ENSG00000126860	False	False
ENSG00000174970	False	False
ENSG00000182858	False	False
ENSG00000237172	False	False
ENSG00000176294	False	False
ENSG00000132357	False	False
ENSG00000066926	False	False
ENSG00000234514	False	False
ENSG00000105499	False	False
ENSG00000214160	False	False
ENSG00000071994	False	False
ENSG00000077327	False	False
ENSG00000122679	False	False
ENSG00000145833	False	False
ENSG00000168101	False	False
ENSG00000108823	False	False
ENSG00000137806	False	False
ENSG00000169740	False	False
ENSG00000151092	False	False
ENSG00000278444	False	False
ENSG00000063180	False	False
ENSG00000173391	False	False
ENSG00000089063	False	False
ENSG00000108961	False	False
ENSG00000132376	False	False
ENSG00000196072	False	False
ENSG00000111371	False	False
ENSG00000249709	False	False
ENSG00000244476	False	False
ENSG00000062370	False	False
ENSG00000280706	False	False
ENSG00000027001	False	False
ENSG00000198538	False	False
ENSG00000277564	False	False
ENSG00000127080	False	False
ENSG00000148824	False	False
ENSG00000144559	False	False
ENSG00000185129	False	False
ENSG00000119514	False	False
ENSG00000177119	False	False
ENSG00000267855	False	False
ENSG00000102195	False	False
ENSG00000106648	False	False
ENSG00000072195	False	False
ENSG00000007545	False	False
ENSG00000125657	False	False
ENSG00000103202	False	False
ENSG00000132872	False	False
ENSG00000086062	False	False
ENSG00000181315	False	False
ENSG00000235588	False	False
ENSG00000139800	False	False
ENSG00000147955	False	False
ENSG00000148604	False	False
ENSG00000111802	False	False
ENSG00000243910	False	False
ENSG00000186918	False	False
ENSG00000115488	False	False
ENSG00000121064	False	False
ENSG00000136014	True	False
ENSG00000137345	False	False
ENSG00000241794	False	False
ENSG00000187122	False	False
ENSG00000105552	False	False
ENSG00000183134	False	False
ENSG00000167759	False	False
ENSG00000171488	False	False
ENSG00000119547	False	False
ENSG00000149483	False	False
ENSG00000105483	False	False
ENSG00000183011	False	False
ENSG00000150048	False	False
ENSG00000172548	False	False
ENSG00000197763	False	False
ENSG00000240344	False	False
ENSG00000108826	False	False
ENSG00000100106	False	False
ENSG00000099795	False	False
ENSG00000111537	False	False
ENSG00000143603	False	False
ENSG00000225312	False	False
ENSG00000158019	False	False
ENSG00000165506	False	False
ENSG00000143847	False	False
ENSG00000188038	False	False
ENSG00000103061	False	False
ENSG00000206073	False	False
ENSG00000184144	False	False
ENSG00000090661	False	False
ENSG00000134398	False	False
ENSG00000118094	False	False
ENSG00000168763	False	False
ENSG00000023572	False	False
ENSG00000166803	False	False
ENSG00000136488	False	False
ENSG00000198765	False	False
ENSG00000162365	False	False
ENSG00000179010	False	False
ENSG00000198077	False	False
ENSG00000132437	False	False
ENSG00000168899	False	False
ENSG00000174227	False	False
ENSG00000114113	False	False
ENSG00000130881	False	False
ENSG00000122641	False	False
ENSG00000204160	False	False
ENSG00000143624	False	False
ENSG00000090104	False	False
ENSG00000176472	False	False
ENSG00000117362	False	False
ENSG00000149577	False	False
ENSG00000281484	False	False
ENSG00000149100	False	False
ENSG00000157111	False	False
ENSG00000131264	False	False
ENSG00000111241	False	False
ENSG00000178449	False	False
ENSG00000172818	False	False
ENSG00000178971	False	False
ENSG00000141759	False	False
ENSG00000070526	False	False
ENSG00000250571	False	False
ENSG00000086548	False	False
ENSG00000122557	False	False
ENSG00000141002	False	False
ENSG00000174080	False	False
ENSG00000130413	False	False
ENSG00000198342	False	False
ENSG00000155755	False	False
ENSG00000131477	False	False
ENSG00000171126	False	False
ENSG00000154269	False	False
ENSG00000183723	False	False
ENSG00000101977	False	False
ENSG00000102409	False	False
ENSG00000101842	False	False
ENSG00000171004	False	False
ENSG00000119509	False	False
ENSG00000167074	False	False
ENSG00000108700	False	False
ENSG00000184470	False	False
ENSG00000163577	False	False
ENSG00000102898	False	False
ENSG00000173451	False	False
ENSG00000179111	False	False
ENSG00000178928	False	False
ENSG00000177854	False	False
	False	False
ENSG00000227746	False	False
ENSG00000176410	False	False
ENSG00000111049	False	False
ENSG00000006128	False	False
ENSG00000171208	False	False
ENSG00000137033	False	False
ENSG00000103707	False	False
ENSG00000111667	False	False
ENSG00000184209	False	False
ENSG00000123560	False	False
ENSG00000168453	False	False
ENSG00000170961	False	False
ENSG00000110721	False	False
ENSG00000215375	False	False
ENSG00000089057	False	False
ENSG00000141434	False	False
ENSG00000134152	False	False
ENSG00000239951	False	False
ENSG00000164309	False	False
ENSG00000125247	False	False
ENSG00000218823	False	False
ENSG00000136816	False	False
ENSG00000013563	False	False
ENSG00000070718	False	False
ENSG00000163795	False	False
ENSG00000115602	False	False
ENSG00000165494	False	False
ENSG00000080709	False	False
ENSG00000070388	False	False
ENSG00000169814	False	False
ENSG00000148218	False	False
ENSG00000143450	False	False
ENSG00000161647	False	False
ENSG00000077147	False	False
ENSG00000166289	False	False
ENSG00000164117	False	False
ENSG00000153029	False	False
ENSG00000047365	False	False
ENSG00000182631	False	False
ENSG00000145283	False	False
ENSG00000183733	False	False
ENSG00000166930	False	False
ENSG00000196776	False	False
ENSG00000198208	False	False
ENSG00000288503	False	False
ENSG00000136908	False	False
ENSG00000146469	False	False
ENSG00000117597	False	False
ENSG00000114805	False	False
ENSG00000158445	False	False
ENSG00000134757	False	False
ENSG00000130772	False	False
ENSG00000236279	False	False
ENSG00000198081	False	False
ENSG00000134970	False	False
ENSG00000118579	False	False
ENSG00000147912	False	False
ENSG00000124302	False	False
ENSG00000140497	False	False
ENSG00000177519	False	False
ENSG00000243989	False	False
ENSG00000186867	False	False
ENSG00000145029	False	False
ENSG00000144815	False	False
ENSG00000186310	False	False
ENSG00000000003	False	False
ENSG00000078618	False	False
ENSG00000148090	False	False
ENSG00000104613	False	False
ENSG00000241563	False	False
ENSG00000197629	False	False
ENSG00000163590	False	False
ENSG00000158691	False	False
ENSG00000151151	False	False
ENSG00000197753	False	False
ENSG00000169918	False	False
ENSG00000198203	False	False
ENSG00000107281	False	False
ENSG00000274276	False	False
ENSG00000197584	False	False
ENSG00000178201	False	False
ENSG00000256660	False	False
ENSG00000170893	False	False
ENSG00000165684	False	False
ENSG00000116882	False	False
ENSG00000100652	False	False
ENSG00000142227	False	False
ENSG00000106086	False	False
ENSG00000134489	False	False
ENSG00000149798	False	False
ENSG00000100450	False	False
ENSG00000049656	False	False
ENSG00000135916	False	False
ENSG00000264522	False	False
ENSG00000189308	False	False
ENSG00000141429	False	False
ENSG00000185736	False	False
ENSG00000149084	False	False
ENSG00000205220	False	False
ENSG00000162909	False	False
ENSG00000254656	False	False
ENSG00000282608	False	False
ENSG00000173208	False	False
ENSG00000152990	False	False
ENSG00000167508	False	False
ENSG00000112212	False	False
ENSG00000168765	False	False
ENSG00000170162	False	False
ENSG00000110080	False	False
ENSG00000111737	False	False
ENSG00000166272	False	False
ENSG00000112164	False	False
ENSG00000171466	False	False
ENSG00000156284	False	False
ENSG00000171219	False	False
ENSG00000168591	False	False
ENSG00000115649	False	False
ENSG00000198331	False	False
ENSG00000204977	False	False
ENSG00000120656	False	False
ENSG00000204099	False	False
ENSG00000171729	False	False
ENSG00000235589	False	False
ENSG00000173011	False	False
ENSG00000139168	False	False
ENSG00000129226	False	False
ENSG00000247626	False	False
ENSG00000119655	False	False
ENSG00000274352	False	False
ENSG00000133065	False	False
ENSG00000214338	False	False
ENSG00000160087	False	False
ENSG00000117411	False	False
ENSG00000142634	False	False
ENSG00000276409	False	False
ENSG00000101190	False	False
ENSG00000205221	False	False
ENSG00000147872	False	False
ENSG00000128908	False	False
ENSG00000126262	False	False
ENSG00000057019	False	False
ENSG00000117148	False	False
ENSG00000160716	False	False
ENSG00000187446	False	False
ENSG00000120533	False	False
ENSG00000180304	False	False
ENSG00000164244	False	False
ENSG00000025772	False	False
ENSG00000131067	False	False
ENSG00000111845	False	False
ENSG00000119946	False	False
ENSG00000114779	False	False
ENSG00000088876	False	False
ENSG00000163634	False	False
ENSG00000196655	False	False
ENSG00000141424	False	False
ENSG00000179930	False	False
ENSG00000177469	False	False
ENSG00000125772	False	False
ENSG00000263012	False	False
ENSG00000087302	False	False
ENSG00000162396	False	False
ENSG00000106992	False	False
ENSG00000178878	False	False
ENSG00000130544	False	False
ENSG00000285121	False	False
ENSG00000138136	False	False
ENSG00000172888	False	False
ENSG00000071553	False	False
ENSG00000147654	False	False
ENSG00000147586	False	False
ENSG00000135926	False	False
ENSG00000215440	False	False
ENSG00000164941	False	False
ENSG00000117477	False	False
ENSG00000113732	False	False
ENSG00000128654	False	False
ENSG00000133488	False	False
ENSG00000172780	False	False
ENSG00000164946	False	False
ENSG00000159228	False	False
ENSG00000103496	False	False
ENSG00000168661	False	False
ENSG00000105855	False	False
ENSG00000102854	False	False
ENSG00000175106	False	False
ENSG00000170468	False	False
ENSG00000163157	False	False
ENSG00000212901	False	False
ENSG00000277893	True	False
ENSG00000090487	False	False
ENSG00000139343	False	False
ENSG00000124406	False	False
ENSG00000123130	False	False
ENSG00000143552	False	False
ENSG00000133812	False	False
ENSG00000165197	False	False
ENSG00000151033	False	False
ENSG00000124217	False	False
ENSG00000162600	False	False
ENSG00000140398	False	False
ENSG00000172292	False	False
ENSG00000120942	False	False
ENSG00000096080	False	False
ENSG00000169181	False	False
ENSG00000165071	False	False
ENSG00000134201	False	False
ENSG00000196632	False	False
ENSG00000109180	False	False
ENSG00000107954	False	False
ENSG00000198860	False	False
ENSG00000125434	False	False
ENSG00000162998	False	False
ENSG00000168255	False	False
ENSG00000139514	False	False
ENSG00000111249	False	False
ENSG00000167767	False	False
ENSG00000131389	False	False
ENSG00000166189	False	False
ENSG00000134056	False	False
ENSG00000006659	False	False
ENSG00000100056	False	False
ENSG00000198668	False	False
ENSG00000147206	False	False
ENSG00000112238	False	False
ENSG00000156471	False	False
ENSG00000205922	False	False
ENSG00000164187	False	False
ENSG00000157214	False	False
ENSG00000135124	False	False
ENSG00000154856	False	False
ENSG00000284980	False	False
ENSG00000109586	False	False
ENSG00000175970	False	False
ENSG00000109943	False	False
ENSG00000171532	False	False
ENSG00000171840	False	False
ENSG00000196565	False	False
ENSG00000275544	False	False
	False	False
ENSG00000151445	False	False
ENSG00000070915	False	False
ENSG00000272636	False	False
ENSG00000167130	False	False
ENSG00000139977	False	False
ENSG00000178467	False	False
ENSG00000179632	False	False
ENSG00000112992	False	False
ENSG00000103121	False	False
ENSG00000197363	False	False
ENSG00000166741	False	False
ENSG00000163064	False	False
ENSG00000185972	False	False
ENSG00000145087	False	False
	False	False
ENSG00000117013	False	False
ENSG00000173085	False	False
ENSG00000039523	False	False
ENSG00000166090	False	False
ENSG00000123179	False	False
ENSG00000157219	False	False
ENSG00000141086	False	False
ENSG00000055950	False	False
ENSG00000143387	False	False
ENSG00000100065	False	False
ENSG00000125726	False	False
ENSG00000141161	False	False
ENSG00000173976	False	False
	False	False
ENSG00000179104	False	False
ENSG00000172461	False	False
ENSG00000189143	False	False
ENSG00000136003	False	False
ENSG00000175538	False	False
ENSG00000150361	False	False
ENSG00000155097	False	False
ENSG00000138379	False	False
ENSG00000148834	False	False
ENSG00000075213	False	False
ENSG00000082212	False	False
ENSG00000009790	False	False
ENSG00000158887	False	False
ENSG00000284807	False	False
ENSG00000158714	False	False
ENSG00000112337	False	False
ENSG00000185674	False	False
ENSG00000138785	False	False
ENSG00000150054	False	False
ENSG00000196228	False	False
ENSG00000139192	False	False
ENSG00000166860	False	False
ENSG00000005059	False	False
ENSG00000167578	False	False
ENSG00000182902	False	False
ENSG00000117281	False	False
ENSG00000237123	False	False
ENSG00000196652	False	False
ENSG00000197889	False	False
ENSG00000160352	False	False
ENSG00000163637	False	False
ENSG00000112763	False	False
ENSG00000196151	False	False
ENSG00000135378	False	False
ENSG00000134533	False	False
ENSG00000198848	False	False
ENSG00000205277	False	False
	False	False
ENSG00000170477	False	False
ENSG00000137496	False	False
ENSG00000198478	False	False
ENSG00000196646	False	False
ENSG00000167995	False	False
ENSG00000188782	False	False
ENSG00000113302	False	False
ENSG00000196950	False	False
ENSG00000172322	False	False
ENSG00000118113	False	False
ENSG00000149809	False	False
ENSG00000114796	False	False
ENSG00000134184	False	False
ENSG00000275300	False	False
ENSG00000276053	False	False
ENSG00000136522	False	False
ENSG00000100564	False	False
ENSG00000165502	False	False
ENSG00000128185	False	False
ENSG00000275031	False	False
ENSG00000153898	False	False
ENSG00000137872	False	False
ENSG00000254521	False	False
ENSG00000049245	False	False
ENSG00000138069	False	False
ENSG00000169499	False	False
	False	False
ENSG00000168569	False	False
ENSG00000085491	False	False
ENSG00000139287	False	False
ENSG00000026652	False	False
ENSG00000146352	False	False
ENSG00000164615	False	False
ENSG00000276747	False	False
ENSG00000135862	False	False
ENSG00000164082	False	False
ENSG00000188739	False	False
ENSG00000134198	False	False
ENSG00000164758	False	False
ENSG00000166526	False	False
ENSG00000106113	False	False
ENSG00000204991	False	False
ENSG00000136875	False	False
ENSG00000166634	False	False
ENSG00000181915	False	False
ENSG00000170364	False	False
ENSG00000184613	False	False
ENSG00000105258	False	False
	False	False
ENSG00000162227	False	False
ENSG00000162188	False	False
ENSG00000175764	False	False
ENSG00000134545	False	False
ENSG00000188372	False	False
ENSG00000117500	False	False
ENSG00000189042	False	False
ENSG00000220201	False	False
ENSG00000186074	False	False
ENSG00000074855	False	False
ENSG00000120697	False	False
ENSG00000120875	False	False
ENSG00000105605	False	False
ENSG00000117592	False	False
ENSG00000125454	False	False
ENSG00000167755	False	False
ENSG00000087299	False	False
ENSG00000090013	False	False
ENSG00000140199	False	False
ENSG00000103310	False	False
ENSG00000151893	False	False
ENSG00000169618	False	False
ENSG00000168434	False	False
ENSG00000164841	False	False
ENSG00000197142	False	False
ENSG00000163209	False	False
ENSG00000278369	False	False
ENSG00000132837	False	False
ENSG00000156011	False	False
ENSG00000164494	False	False
ENSG00000105696	False	False
ENSG00000166448	False	False
ENSG00000166451	False	False
ENSG00000160190	False	False
ENSG00000140830	False	False
ENSG00000278322	False	False
ENSG00000137077	False	False
ENSG00000108523	False	False
	False	False
ENSG00000101247	False	False
ENSG00000127578	False	False
ENSG00000198663	False	False
ENSG00000204936	False	False
ENSG00000160781	False	False
ENSG00000143194	False	False
ENSG00000197279	False	False
ENSG00000183625	False	False
ENSG00000125656	False	False
ENSG00000244005	False	False
ENSG00000204920	False	False
ENSG00000165915	False	False
	False	False
ENSG00000230475	False	False
ENSG00000158234	False	False
ENSG00000086504	False	False
ENSG00000115705	False	False
ENSG00000175575	False	False
ENSG00000174233	False	False
ENSG00000276971	False	False
ENSG00000132010	False	False
ENSG00000186897	False	False
ENSG00000280568	False	False
ENSG00000114812	False	False
ENSG00000146530	False	False
ENSG00000157103	False	False
ENSG00000197114	False	False
ENSG00000175756	False	False
ENSG00000176171	False	False
ENSG00000051108	True	False
ENSG00000145016	False	False
ENSG00000198000	False	False
ENSG00000198131	False	False
ENSG00000166260	False	False
ENSG00000074416	False	False
	False	False
ENSG00000101695	False	False
ENSG00000026950	False	False
ENSG00000147596	False	False
ENSG00000159110	False	False
ENSG00000080371	False	False
ENSG00000171612	False	False
ENSG00000057704	False	False
ENSG00000100632	False	False
ENSG00000123607	False	False
ENSG00000165490	False	False
ENSG00000136888	False	False
ENSG00000135940	False	False
ENSG00000106603	False	False
ENSG00000275723	False	False
ENSG00000155275	False	False
ENSG00000213339	False	False
ENSG00000204611	False	False
ENSG00000117594	False	False
ENSG00000177054	False	False
ENSG00000119614	False	False
ENSG00000084652	False	False
ENSG00000173114	False	False
ENSG00000145384	False	False
ENSG00000155666	False	False
ENSG00000124783	False	False
ENSG00000185947	False	False
ENSG00000002549	False	False
ENSG00000155096	False	False
ENSG00000178726	False	False
ENSG00000203697	False	False
ENSG00000166228	False	False
ENSG00000177971	False	False
ENSG00000078579	False	False
ENSG00000136866	False	False
ENSG00000148841	False	False
ENSG00000100354	False	False
ENSG00000100711	False	False
ENSG00000230124	False	False
ENSG00000131779	False	False
ENSG00000138002	False	False
ENSG00000213088	False	False
ENSG00000006116	False	False
ENSG00000183395	False	False
ENSG00000186297	False	False
ENSG00000132514	False	False
ENSG00000268350	False	False
ENSG00000169981	False	False
ENSG00000203907	False	False
ENSG00000010932	False	False
ENSG00000215252	False	False
ENSG00000021852	False	False
ENSG00000172037	False	False
ENSG00000118707	False	False
ENSG00000135750	False	False
ENSG00000037897	False	False
ENSG00000253159	False	False
ENSG00000198729	False	False
ENSG00000133028	False	False
ENSG00000100365	False	False
ENSG00000099974	False	False
ENSG00000235194	False	False
ENSG00000113552	False	False
ENSG00000130540	False	False
ENSG00000100129	False	False
ENSG00000171067	False	False
ENSG00000177181	False	False
ENSG00000171202	False	False
ENSG00000176920	False	False
ENSG00000177468	False	False
ENSG00000198585	False	False
ENSG00000124787	False	False
ENSG00000265491	False	False
ENSG00000168743	False	False
ENSG00000163755	False	False
ENSG00000165682	False	False
ENSG00000113273	False	False
ENSG00000105778	False	False
ENSG00000148482	False	False
ENSG00000125629	False	False
ENSG00000164465	False	False
ENSG00000130517	False	False
ENSG00000112053	False	False
ENSG00000243003	False	False
ENSG00000135902	False	False
ENSG00000197714	False	False
ENSG00000114631	False	False
ENSG00000162078	False	False
ENSG00000165609	False	False
ENSG00000211456	False	False
ENSG00000060642	False	False
ENSG00000121417	False	False
ENSG00000153093	False	False
ENSG00000139131	False	False
ENSG00000134321	False	False
ENSG00000280830	False	False
ENSG00000120318	False	False
ENSG00000156026	False	False
ENSG00000049860	False	False
ENSG00000133115	False	False
ENSG00000172500	False	False
ENSG00000100979	False	False
ENSG00000261221	False	False
ENSG00000146233	False	False
	False	False
ENSG00000162729	False	False
ENSG00000186895	False	False
ENSG00000143258	False	False
ENSG00000156110	False	False
ENSG00000167721	False	False
ENSG00000132254	False	False
ENSG00000170323	False	False
ENSG00000078549	False	False
ENSG00000140367	False	False
ENSG00000204963	False	False
ENSG00000133104	False	False
ENSG00000103260	False	False
ENSG00000101439	False	False
ENSG00000160767	False	False
ENSG00000008282	False	False
ENSG00000112276	False	False
ENSG00000026559	False	False
ENSG00000186446	False	False
ENSG00000143119	False	False
ENSG00000228250	False	False
ENSG00000167987	False	False
ENSG00000187118	False	False
ENSG00000166452	False	False
ENSG00000134438	False	False
ENSG00000188419	False	False
ENSG00000164707	False	False
ENSG00000146070	False	False
ENSG00000133027	False	False
ENSG00000169194	False	False
ENSG00000104044	False	False
ENSG00000100242	False	False
ENSG00000124459	False	False
ENSG00000121797	False	False
ENSG00000144331	False	False
ENSG00000172724	False	False
ENSG00000228474	False	False
ENSG00000158805	False	False
ENSG00000161911	False	False
ENSG00000213937	False	False
ENSG00000125637	False	False
ENSG00000164484	False	False
ENSG00000197362	False	False
ENSG00000127366	False	False
ENSG00000115363	False	False
ENSG00000243364	False	False
ENSG00000160075	False	False
ENSG00000116497	False	False
ENSG00000163607	False	False
ENSG00000155761	False	False
ENSG00000172766	False	False
ENSG00000119328	False	False
ENSG00000188833	False	False
ENSG00000170448	False	False
ENSG00000164007	False	False
ENSG00000157570	False	False
ENSG00000198298	False	False
ENSG00000175348	False	False
ENSG00000137288	False	False
ENSG00000114771	False	False
ENSG00000256235	False	False
ENSG00000223547	False	False
ENSG00000146007	False	False
ENSG00000223609	False	False
ENSG00000087495	False	False
ENSG00000180992	False	False
ENSG00000187758	False	False
ENSG00000120093	False	False
ENSG00000125255	False	False
ENSG00000145741	False	False
ENSG00000153779	False	False
ENSG00000275513	False	False
ENSG00000111218	False	False
ENSG00000196860	False	False
ENSG00000183214	False	False
ENSG00000225697	False	False
ENSG00000253910	False	False
ENSG00000197106	False	False
ENSG00000217555	False	False
ENSG00000280501	False	False
ENSG00000128973	False	False
ENSG00000166900	False	False
ENSG00000144182	False	False
ENSG00000162368	False	False
ENSG00000112146	False	False
ENSG00000111713	False	False
ENSG00000175854	False	False
ENSG00000117118	True	False
ENSG00000262145	False	False
ENSG00000163738	False	False
ENSG00000282966	False	False
ENSG00000140943	False	False
ENSG00000083750	False	False
ENSG00000171469	False	False
ENSG00000267680	False	False
ENSG00000162819	False	False
ENSG00000125966	False	False
ENSG00000165383	False	False
ENSG00000169951	False	False
ENSG00000139190	False	False
ENSG00000100678	False	False
ENSG00000174021	False	False
ENSG00000109917	False	False
ENSG00000087269	False	False
ENSG00000125967	False	False
ENSG00000235169	False	False
ENSG00000006576	False	False
ENSG00000163374	False	False
ENSG00000171443	False	False
ENSG00000131730	False	False
	False	False
ENSG00000167800	False	False
ENSG00000213996	False	False
ENSG00000092096	False	False
ENSG00000040341	False	False
ENSG00000133116	True	False
ENSG00000164258	False	False
ENSG00000198743	False	False
ENSG00000169020	False	False
ENSG00000149516	False	False
ENSG00000021488	False	False
ENSG00000152642	False	False
ENSG00000119537	True	False
ENSG00000087076	False	False
ENSG00000141437	False	False
ENSG00000164532	False	False
ENSG00000204941	False	False
ENSG00000172794	False	False
ENSG00000136295	False	False
ENSG00000075223	False	False
ENSG00000136856	False	False
ENSG00000138942	False	False
ENSG00000129636	False	False
ENSG00000197110	False	False
ENSG00000145494	False	False
ENSG00000143933	False	False
ENSG00000135643	False	False
ENSG00000168303	False	False
ENSG00000006327	False	False
ENSG00000006740	False	False
ENSG00000115263	False	False
ENSG00000141469	False	False
ENSG00000173467	False	False
ENSG00000149657	False	False
ENSG00000010282	False	False
ENSG00000171492	False	False
ENSG00000133874	False	False
ENSG00000159197	False	False
ENSG00000101473	False	False
ENSG00000079950	False	False
ENSG00000181885	False	False
ENSG00000138031	False	False
ENSG00000163626	False	False
ENSG00000109534	False	False
ENSG00000076351	False	False
ENSG00000156853	False	False
ENSG00000095539	False	False
ENSG00000119396	False	False
ENSG00000135317	False	False
ENSG00000165138	False	False
ENSG00000064763	False	False
ENSG00000178522	False	False
ENSG00000167971	False	False
ENSG00000079215	False	False
ENSG00000184650	False	False
ENSG00000198108	False	False
ENSG00000167863	False	False
ENSG00000236424	False	False
ENSG00000038295	False	False
ENSG00000139178	False	False
ENSG00000108960	False	False
ENSG00000152439	False	False
ENSG00000142748	False	False
ENSG00000167535	False	False
ENSG00000166788	False	False
ENSG00000121742	False	False
ENSG00000079393	False	False
ENSG00000133657	False	False
ENSG00000083097	False	False
ENSG00000177034	False	False
ENSG00000111911	False	False
ENSG00000172878	False	False
ENSG00000143867	False	False
ENSG00000276582	False	False
ENSG00000148158	False	False
ENSG00000114541	False	False
ENSG00000138399	False	False
ENSG00000206203	False	False
ENSG00000197557	False	False
	False	False
ENSG00000100324	False	False
ENSG00000171408	False	False
ENSG00000175121	False	False
ENSG00000277398	False	False
ENSG00000171960	False	False
ENSG00000141458	False	False
ENSG00000039987	False	False
ENSG00000091009	False	False
ENSG00000139155	False	False
ENSG00000114686	False	False
ENSG00000148925	False	False
ENSG00000152782	False	False
ENSG00000088766	False	False
ENSG00000088881	False	False
ENSG00000163221	False	False
ENSG00000126890	False	False
ENSG00000112812	False	False
ENSG00000198398	False	False
ENSG00000167637	False	False
ENSG00000282230	False	False
ENSG00000115221	False	False
ENSG00000116703	False	False
ENSG00000167105	False	False
ENSG00000182318	False	False
ENSG00000102181	False	False
ENSG00000144837	False	False
ENSG00000164930	False	False
ENSG00000179915	False	False
ENSG00000163704	False	False
ENSG00000161558	False	False
	False	False
ENSG00000122958	False	False
ENSG00000124508	False	False
ENSG00000145911	False	False
ENSG00000086506	False	False
ENSG00000276045	False	False
ENSG00000125851	False	False
ENSG00000164855	False	False
ENSG00000166529	False	False
ENSG00000177511	False	False
ENSG00000137573	False	False
ENSG00000177025	False	False
ENSG00000169418	False	False
ENSG00000227357	False	False
ENSG00000164620	False	False
ENSG00000103043	False	False
ENSG00000197479	False	False
ENSG00000111801	False	False
ENSG00000176095	False	False
ENSG00000170348	False	False
ENSG00000144118	False	False
ENSG00000132196	False	False
ENSG00000151892	False	False
ENSG00000140945	True	False
ENSG00000136011	False	False
ENSG00000121440	False	False
ENSG00000086589	False	False
ENSG00000060688	False	False
ENSG00000185668	False	False
ENSG00000095596	False	False
ENSG00000188761	False	False
ENSG00000189108	False	False
ENSG00000180884	False	False
ENSG00000169154	False	False
ENSG00000135845	False	False
ENSG00000158636	False	False
ENSG00000117971	False	False
ENSG00000169427	False	False
ENSG00000159263	False	False
ENSG00000111231	False	False
ENSG00000282813	False	False
ENSG00000186526	False	False
ENSG00000224940	False	False
ENSG00000185909	False	False
ENSG00000274286	False	False
ENSG00000120334	False	False
ENSG00000255221	False	False
ENSG00000015520	False	False
ENSG00000213931	False	False
ENSG00000122735	False	False
ENSG00000139055	False	False
ENSG00000144120	False	False
ENSG00000178187	False	False
ENSG00000089012	False	False
ENSG00000162877	False	False
ENSG00000103544	False	False
ENSG00000131771	False	False
ENSG00000134294	False	False
ENSG00000107242	False	False
ENSG00000163017	False	False
ENSG00000171307	False	False
ENSG00000249471	False	False
ENSG00000160951	False	False
ENSG00000174428	False	False
ENSG00000171467	False	False
ENSG00000186638	False	False
ENSG00000196101	False	False
ENSG00000147145	False	False
ENSG00000164897	False	False
ENSG00000162437	False	False
ENSG00000169410	False	False
ENSG00000146859	False	False
ENSG00000079332	False	False
ENSG00000179528	False	False
ENSG00000104164	False	False
ENSG00000188778	False	False
ENSG00000144580	False	False
ENSG00000164176	False	False
ENSG00000136270	False	False
ENSG00000178814	False	False
ENSG00000111913	False	False
ENSG00000189195	False	False
ENSG00000203722	False	False
ENSG00000112514	False	False
ENSG00000101337	False	False
ENSG00000015133	False	False
ENSG00000159593	False	False
ENSG00000276547	False	False
ENSG00000129167	False	False
ENSG00000089050	False	False
ENSG00000136770	False	False
ENSG00000168300	False	False
ENSG00000164713	False	False
ENSG00000175505	False	False
ENSG00000090263	False	False
ENSG00000082258	False	False
ENSG00000071073	False	False
ENSG00000144048	False	False
ENSG00000227642	False	False
ENSG00000154328	False	False
ENSG00000150625	False	False
126231	False	False
ENSG00000204524	False	False
ENSG00000176009	False	False
ENSG00000126243	False	False
ENSG00000243244	False	False
ENSG00000171962	False	False
ENSG00000106268	False	False
ENSG00000163646	False	False
ENSG00000103351	False	False
ENSG00000277462	False	False
ENSG00000166557	False	False
ENSG00000166902	False	False
ENSG00000197859	False	False
ENSG00000187688	False	False
ENSG00000182183	False	False
ENSG00000137040	False	False
ENSG00000285176	False	False
ENSG00000168065	False	False
ENSG00000185019	False	False
ENSG00000134343	False	False
ENSG00000197757	False	False
ENSG00000019505	False	False
ENSG00000125877	False	False
ENSG00000109738	False	False
ENSG00000177542	False	False
ENSG00000078804	False	False
ENSG00000169599	False	False
ENSG00000182983	False	False
ENSG00000150551	False	False
ENSG00000132205	False	False
ENSG00000175115	False	False
ENSG00000184659	False	False
ENSG00000257473	False	False
ENSG00000170324	False	False
ENSG00000204822	False	False
ENSG00000172239	False	False
ENSG00000184992	False	False
ENSG00000165685	False	False
ENSG00000241863	False	False
ENSG00000147119	False	False
ENSG00000134759	False	False
ENSG00000174607	False	False
ENSG00000146587	False	False
ENSG00000144045	False	False
ENSG00000161544	False	False
ENSG00000112893	False	False
ENSG00000127540	False	False
ENSG00000109083	False	False
ENSG00000171236	False	False
ENSG00000137809	False	False
ENSG00000017483	False	False
ENSG00000174417	False	False
ENSG00000075388	False	False
ENSG00000154889	False	False
ENSG00000114650	False	False
ENSG00000155307	False	False
ENSG00000118520	False	False
ENSG00000245680	False	False
ENSG00000164022	False	False
	False	False
ENSG00000179564	False	False
ENSG00000196456	False	False
ENSG00000180739	False	False
ENSG00000198858	False	False
ENSG00000099365	False	False
ENSG00000108602	False	False
ENSG00000103546	False	False
ENSG00000180090	False	False
ENSG00000118733	False	False
ENSG00000171865	False	False
ENSG00000138078	False	False
ENSG00000164627	False	False
	False	False
ENSG00000169105	False	False
ENSG00000136514	False	False
ENSG00000114638	False	False
ENSG00000275895	False	False
ENSG00000134389	False	False
ENSG00000013293	False	False
ENSG00000130433	False	False
ENSG00000116685	False	False
ENSG00000050426	False	False
ENSG00000090382	False	False
ENSG00000173992	False	False
ENSG00000136840	False	False
ENSG00000121410	False	False
ENSG00000104332	False	False
ENSG00000147869	False	False
ENSG00000143971	False	False
ENSG00000110811	False	False
ENSG00000077498	False	False
ENSG00000281151	False	False
ENSG00000136868	False	False
ENSG00000081665	False	False
ENSG00000113520	False	False
ENSG00000140279	False	False
ENSG00000064205	False	False
ENSG00000115598	False	False
ENSG00000114023	False	False
ENSG00000166049	False	False
ENSG00000004399	False	False
ENSG00000163792	False	False
ENSG00000184887	False	False
ENSG00000185883	False	False
ENSG00000162373	False	False
ENSG00000126391	False	False
ENSG00000140835	False	False
ENSG00000223852	False	False
ENSG00000257008	False	False
ENSG00000102931	False	False
ENSG00000147465	False	False
ENSG00000176340	True	False
ENSG00000163328	False	False
ENSG00000182168	False	False
ENSG00000276234	False	False
ENSG00000231408	False	False
ENSG00000122694	False	False
ENSG00000164344	False	False
ENSG00000148468	False	False
ENSG00000116176	False	False
ENSG00000011009	False	False
ENSG00000144136	False	False
ENSG00000174586	False	False
ENSG00000170417	False	False
ENSG00000134780	False	False
ENSG00000197385	False	False
ENSG00000283009	False	False
ENSG00000041880	False	False
ENSG00000140157	False	False
ENSG00000178127	False	False
ENSG00000120686	False	False
ENSG00000164181	False	False
ENSG00000105467	False	False
ENSG00000182566	False	False
ENSG00000174990	False	False
ENSG00000099910	False	False
ENSG00000165474	False	False
ENSG00000171503	False	False
ENSG00000008256	False	False
ENSG00000179965	False	False
ENSG00000276130	False	False
ENSG00000174177	False	False
ENSG00000109519	False	False
ENSG00000185737	False	False
ENSG00000142484	False	False
ENSG00000126856	False	False
ENSG00000173068	False	False
ENSG00000131748	False	False
ENSG00000185869	False	False
ENSG00000136487	False	False
ENSG00000285281	False	False
ENSG00000178502	False	False
ENSG00000186925	False	False
ENSG00000100311	True	False
ENSG00000171747	False	False
ENSG00000128617	False	False
ENSG00000185664	False	False
ENSG00000213853	False	False
ENSG00000157637	False	False
ENSG00000162337	False	False
ENSG00000130748	False	False
ENSG00000135838	False	False
ENSG00000165272	False	False
ENSG00000285069	False	False
ENSG00000080822	False	False
ENSG00000166603	False	False
ENSG00000116273	False	False
ENSG00000127903	False	False
ENSG00000170385	False	False
ENSG00000129625	False	False
	False	False
ENSG00000134020	False	False
ENSG00000179796	False	False
ENSG00000159871	False	False
ENSG00000170545	False	False
ENSG00000171130	False	False
ENSG00000135521	False	False
ENSG00000172954	False	False
ENSG00000249139	False	False
ENSG00000149474	False	False
ENSG00000116786	False	False
ENSG00000251247	False	False
ENSG00000167699	False	False
ENSG00000138074	False	False
ENSG00000164039	False	False
ENSG00000219438	False	False
ENSG00000162910	False	False
ENSG00000143155	False	False
ENSG00000133574	False	False
	False	False
	False	False
ENSG00000140612	False	False
ENSG00000069424	False	False
ENSG00000162594	False	False
ENSG00000110013	False	False
ENSG00000243335	False	False
ENSG00000158764	False	False
ENSG00000116035	False	False
ENSG00000160216	False	False
ENSG00000173200	False	False
ENSG00000132965	False	False
ENSG00000258227	False	False
ENSG00000112972	False	False
ENSG00000099998	False	False
ENSG00000163406	False	False
ENSG00000174950	False	False
ENSG00000148343	False	False
ENSG00000160994	False	False
ENSG00000143061	False	False
ENSG00000101306	False	False
ENSG00000005379	False	False
ENSG00000229314	False	False
ENSG00000130821	False	False
ENSG00000122824	False	False
ENSG00000176101	False	False
ENSG00000108479	False	False
ENSG00000204070	False	False
ENSG00000106952	False	False
ENSG00000100558	False	False
ENSG00000084072	False	False
ENSG00000141179	False	False
ENSG00000163382	False	False
ENSG00000086159	False	False
ENSG00000022567	False	False
ENSG00000109323	False	False
ENSG00000176020	False	False
ENSG00000117133	False	False
ENSG00000182986	False	False
ENSG00000182150	False	False
ENSG00000066813	False	False
ENSG00000186468	False	False
ENSG00000128563	False	False
ENSG00000145248	False	False
ENSG00000119899	False	False
ENSG00000006837	False	False
ENSG00000277848	False	False
ENSG00000283034	False	False
ENSG00000168517	False	False
ENSG00000072042	False	False
ENSG00000272674	False	False
ENSG00000122085	False	False
ENSG00000161860	False	False
ENSG00000091317	False	False
ENSG00000033867	False	False
ENSG00000272804	False	False
ENSG00000172586	False	False
ENSG00000169131	False	False
ENSG00000134245	False	False
ENSG00000172992	False	False
ENSG00000157014	False	False
ENSG00000172840	False	False
ENSG00000106565	False	False
ENSG00000184330	False	False
ENSG00000120333	False	False
ENSG00000152595	False	False
ENSG00000124232	False	False
ENSG00000063761	False	False
ENSG00000134802	False	False
ENSG00000087152	False	False
ENSG00000182264	False	False
ENSG00000115255	False	False
ENSG00000170275	False	False
ENSG00000143786	False	False
ENSG00000074842	False	False
ENSG00000125458	False	False
ENSG00000186439	False	False
ENSG00000102309	False	False
ENSG00000158604	False	False
ENSG00000150712	False	False
	False	False
ENSG00000096264	False	False
ENSG00000188379	False	False
ENSG00000197838	False	False
ENSG00000106537	False	False
ENSG00000196437	False	False
ENSG00000166681	False	False
ENSG00000099282	False	False
ENSG00000213965	False	False
ENSG00000127129	False	False
ENSG00000105085	False	False
ENSG00000100744	False	False
ENSG00000285426	False	False
ENSG00000158856	False	False
ENSG00000070731	False	False
ENSG00000163467	False	False
ENSG00000170113	False	False
ENSG00000214944	False	False
ENSG00000124767	False	False
ENSG00000174599	False	False
ENSG00000179774	False	False
ENSG00000122971	False	False
ENSG00000141404	False	False
ENSG00000064651	False	False
ENSG00000141504	False	False
ENSG00000182450	False	False
ENSG00000213022	False	False
ENSG00000106714	False	False
ENSG00000113272	False	False
ENSG00000137968	False	False
ENSG00000101079	False	False
ENSG00000196814	False	False
ENSG00000186470	False	False
ENSG00000104497	False	False
ENSG00000135697	False	False
ENSG00000131044	False	False
ENSG00000186930	False	False
ENSG00000156928	False	False
ENSG00000165660	False	False
ENSG00000175224	False	False
ENSG00000180543	False	False
ENSG00000140990	False	False
ENSG00000197912	False	False
ENSG00000113492	False	False
ENSG00000159363	False	False
ENSG00000204710	False	False
ENSG00000110400	False	False
ENSG00000163114	False	False
ENSG00000242616	False	False
ENSG00000166188	False	False
ENSG00000163283	False	False
ENSG00000130313	False	False
ENSG00000119392	False	False
ENSG00000005471	False	False
ENSG00000122692	False	False
ENSG00000063015	False	False
ENSG00000130803	False	False
ENSG00000066583	False	False
ENSG00000124205	False	False
ENSG00000138755	False	False
ENSG00000205279	False	False
ENSG00000168032	False	False
ENSG00000184984	False	False
ENSG00000161714	False	False
ENSG00000127920	False	False
ENSG00000000005	False	False
	False	False
ENSG00000144224	False	False
ENSG00000167799	False	False
ENSG00000018869	False	False
ENSG00000165092	False	False
ENSG00000147041	False	False
ENSG00000142871	False	False
ENSG00000008283	False	False
ENSG00000135519	False	False
ENSG00000158292	False	False
ENSG00000186185	False	False
ENSG00000144063	False	False
ENSG00000119711	False	False
ENSG00000158156	False	False
ENSG00000047648	False	False
ENSG00000140451	False	False
ENSG00000162928	False	False
ENSG00000213930	False	False
ENSG00000181790	False	False
ENSG00000135776	False	False
ENSG00000095209	False	False
ENSG00000120057	False	False
ENSG00000167676	False	False
ENSG00000265354	False	False
ENSG00000173914	False	False
ENSG00000184939	False	False
ENSG00000117472	False	False
ENSG00000165655	False	False
ENSG00000170088	False	False
ENSG00000184033	False	False
ENSG00000130226	False	False
ENSG00000135749	False	False
ENSG00000188766	False	False
ENSG00000183153	False	False
ENSG00000186635	False	False
ENSG00000086288	False	False
ENSG00000268651	False	False
ENSG00000262327	False	False
ENSG00000146828	False	False
ENSG00000204624	False	False
ENSG00000141096	False	False
ENSG00000285317	False	False
ENSG00000133256	False	False
ENSG00000064545	False	False
ENSG00000113391	False	False
ENSG00000107159	False	False
ENSG00000122367	False	False
ENSG00000178802	False	False
ENSG00000139874	False	False
ENSG00000097096	False	False
ENSG00000100884	False	False
ENSG00000154330	False	False
ENSG00000169271	False	False
ENSG00000188937	False	False
ENSG00000177710	False	False
ENSG00000178935	False	False
ENSG00000005801	False	False
ENSG00000100284	False	False
ENSG00000141505	False	False
ENSG00000197745	False	False
ENSG00000198039	False	False
ENSG00000233573	False	False
ENSG00000162641	False	False
ENSG00000111711	False	False
ENSG00000175785	False	False
ENSG00000136933	False	False
ENSG00000164197	False	False
ENSG00000126233	False	False
ENSG00000178921	False	False
ENSG00000214113	False	False
ENSG00000135535	False	False
ENSG00000134365	False	False
ENSG00000184227	False	False
ENSG00000101160	False	False
ENSG00000197562	False	False
ENSG00000144648	False	False
ENSG00000205268	False	False
ENSG00000085644	False	False
ENSG00000180626	False	False
	False	False
ENSG00000130312	False	False
ENSG00000174948	False	False
ENSG00000267041	False	False
ENSG00000066405	False	False
ENSG00000120662	False	False
ENSG00000090530	False	False
ENSG00000234602	False	False
ENSG00000151726	False	False
ENSG00000243137	False	False
ENSG00000196376	False	False
ENSG00000275600	False	False
ENSG00000166091	False	False
ENSG00000213759	False	False
ENSG00000147588	False	False
ENSG00000135587	False	False
ENSG00000184635	False	False
ENSG00000116729	False	False
ENSG00000102078	False	False
ENSG00000197977	False	False
ENSG00000108219	False	False
ENSG00000144339	False	False
ENSG00000095627	False	False
ENSG00000172171	False	False
ENSG00000155304	False	False
ENSG00000071909	False	False
ENSG00000157551	False	False
ENSG00000167645	False	False
ENSG00000137204	False	False
ENSG00000227500	False	False
ENSG00000147614	False	False
ENSG00000140297	False	False
ENSG00000102962	False	False
ENSG00000166922	False	False
ENSG00000155087	False	False
ENSG00000162769	False	False
ENSG00000125821	False	False
ENSG00000186462	False	False
ENSG00000159884	False	False
ENSG00000141753	False	False
ENSG00000091138	False	False
ENSG00000137642	False	False
ENSG00000182575	False	False
ENSG00000117151	False	False
ENSG00000058804	False	False
	False	False
ENSG00000164038	False	False
ENSG00000120328	False	False
ENSG00000105866	False	False
ENSG00000204308	False	False
ENSG00000127561	False	False
ENSG00000198754	False	False
ENSG00000189120	False	False
ENSG00000011638	False	False
ENSG00000172590	False	False
ENSG00000102858	False	False
ENSG00000074071	False	False
ENSG00000112305	False	False
ENSG00000152611	False	False
ENSG00000170801	False	False
ENSG00000188807	False	False
ENSG00000198832	False	False
ENSG00000005206	False	False
ENSG00000176402	False	False
ENSG00000254550	False	False
ENSG00000154518	False	False
ENSG00000100263	False	False
ENSG00000116096	False	False
ENSG00000141542	False	False
ENSG00000153558	False	False
ENSG00000069764	False	False
ENSG00000124370	False	False
ENSG00000146054	False	False
ENSG00000155903	False	False
ENSG00000198178	False	False
ENSG00000159346	False	False
ENSG00000172828	False	False
ENSG00000162654	False	False
ENSG00000106392	False	False
ENSG00000103168	False	False
ENSG00000186026	False	False
ENSG00000171714	False	False
ENSG00000168955	False	False
ENSG00000174306	False	False
ENSG00000089356	False	False
ENSG00000099968	False	False
ENSG00000107447	False	False
ENSG00000007541	False	False
ENSG00000113761	False	False
ENSG00000100983	False	False
ENSG00000004961	False	False
	False	False
ENSG00000203618	False	False
ENSG00000079691	False	False
ENSG00000111481	False	False
ENSG00000163191	False	False
ENSG00000182134	False	False
ENSG00000103316	False	False
ENSG00000197965	False	False
ENSG00000170540	False	False
ENSG00000139324	False	False
ENSG00000068137	False	False
ENSG00000175606	False	False
ENSG00000178381	False	False
ENSG00000148219	False	False
ENSG00000104299	False	False
ENSG00000158457	False	False
ENSG00000198759	False	False
ENSG00000188706	False	False
ENSG00000064652	False	False
ENSG00000115556	False	False
ENSG00000205143	False	False
ENSG00000119922	False	False
ENSG00000170854	False	False
ENSG00000068697	False	False
ENSG00000125812	False	False
ENSG00000189433	False	False
ENSG00000140287	False	False
ENSG00000170523	False	False
ENSG00000168958	False	False
ENSG00000162039	False	False
ENSG00000215203	False	False
ENSG00000117308	False	False
ENSG00000131669	False	False
ENSG00000164081	False	False
ENSG00000011376	False	False
ENSG00000105829	False	False
ENSG00000142920	False	False
ENSG00000230989	False	False
ENSG00000163479	False	False
ENSG00000125878	False	False
ENSG00000268738	False	False
ENSG00000186130	False	False
ENSG00000250361	False	False
ENSG00000131089	False	False
ENSG00000011347	False	False
ENSG00000211584	False	False
ENSG00000184995	False	False
ENSG00000205426	False	False
ENSG00000095059	False	False
ENSG00000101280	False	False
ENSG00000178741	False	False
ENSG00000241945	False	False
ENSG00000116014	False	False
ENSG00000170604	False	False
ENSG00000119431	False	False
	False	False
ENSG00000143319	False	False
ENSG00000187676	False	False
ENSG00000173933	False	False
ENSG00000089154	False	False
ENSG00000261787	False	False
ENSG00000070610	False	False
ENSG00000196811	False	False
ENSG00000123096	False	False
ENSG00000204969	False	False
ENSG00000205810	False	False
ENSG00000129562	False	False
ENSG00000173681	False	False
ENSG00000130733	False	False
ENSG00000057149	False	False
ENSG00000216490	False	False
ENSG00000141485	False	False
ENSG00000140876	False	False
ENSG00000122787	False	False
ENSG00000146618	False	False
ENSG00000185133	False	False
ENSG00000166819	False	False
ENSG00000140107	False	False
ENSG00000283024	False	False
ENSG00000134490	False	False
ENSG00000134548	False	False
ENSG00000108852	False	False
ENSG00000144035	False	False
ENSG00000129749	False	False
ENSG00000144867	False	False
ENSG00000155868	False	False
ENSG00000168917	False	False
ENSG00000100335	False	False
ENSG00000160408	False	False
ENSG00000112874	False	False
ENSG00000179364	False	False
ENSG00000263163	False	False
ENSG00000120563	False	False
ENSG00000170374	False	False
ENSG00000173852	False	False
ENSG00000175093	False	False
ENSG00000215305	False	False
ENSG00000135413	False	False
ENSG00000285346	False	False
ENSG00000105793	False	False
ENSG00000185069	False	False
ENSG00000184408	False	False
ENSG00000116857	False	False
ENSG00000140873	False	False
ENSG00000139291	False	False
ENSG00000135334	False	False
ENSG00000136750	False	False
ENSG00000101489	False	False
ENSG00000179520	False	False
ENSG00000185730	False	False
ENSG00000196917	False	False
ENSG00000198099	False	False
ENSG00000129195	False	False
ENSG00000196407	False	False
ENSG00000083812	False	False
ENSG00000145740	False	False
ENSG00000183878	False	False
ENSG00000163378	False	False
ENSG00000196659	False	False
ENSG00000088002	False	False
ENSG00000148459	False	False
ENSG00000168811	False	False
ENSG00000125965	False	False
ENSG00000154174	False	False
ENSG00000185105	False	False
ENSG00000115607	False	False
ENSG00000125870	False	False
ENSG00000170310	False	False
ENSG00000128918	False	False
ENSG00000269058	False	False
ENSG00000096654	False	False
ENSG00000137976	False	False
ENSG00000085274	False	False
ENSG00000106560	False	False
ENSG00000197961	False	False
ENSG00000197891	False	False
ENSG00000122643	False	False
ENSG00000168938	False	False
ENSG00000172728	False	False
ENSG00000169385	False	False
ENSG00000152683	False	False
ENSG00000105983	False	False
ENSG00000145476	False	False
ENSG00000158525	False	False
ENSG00000083814	False	False
ENSG00000149541	False	False
ENSG00000132026	False	False
ENSG00000091436	False	False
	False	False
ENSG00000134538	False	False
ENSG00000179142	False	False
ENSG00000120915	False	False
ENSG00000205356	False	False
ENSG00000018625	False	False
ENSG00000134375	False	False
ENSG00000205301	False	False
ENSG00000101425	False	False
ENSG00000183486	False	False
ENSG00000284938	False	False
ENSG00000178537	False	False
ENSG00000196693	False	False
ENSG00000213967	False	False
ENSG00000103249	False	False
ENSG00000112038	False	False
ENSG00000215788	False	False
ENSG00000106415	False	False
ENSG00000197024	False	False
ENSG00000183726	False	False
ENSG00000161091	False	False
ENSG00000131165	False	False
ENSG00000005436	False	False
ENSG00000113924	False	False
ENSG00000165023	False	False
ENSG00000168389	False	False
ENSG00000178084	False	False
ENSG00000109390	False	False
ENSG00000248098	False	False
ENSG00000109911	False	False
ENSG00000111981	False	False
ENSG00000146192	False	False
ENSG00000007001	False	False
ENSG00000087008	False	False
ENSG00000198961	False	False
ENSG00000109511	False	False
ENSG00000163521	False	False
ENSG00000048544	False	False
ENSG00000157916	False	False
ENSG00000275583	False	False
ENSG00000172687	False	False
ENSG00000184182	False	False
ENSG00000138111	False	False
ENSG00000156398	False	False
ENSG00000099994	False	False
ENSG00000167969	False	False
ENSG00000283085	False	False
ENSG00000156671	False	False
ENSG00000176567	False	False
ENSG00000115652	False	False
ENSG00000100307	False	False
ENSG00000120913	False	False
ENSG00000005100	False	False
ENSG00000184724	False	False
ENSG00000204970	False	False
ENSG00000177427	False	False
ENSG00000006016	False	False
ENSG00000181873	False	False
ENSG00000074695	False	False
ENSG00000104980	False	False
ENSG00000205846	False	False
ENSG00000198722	False	False
ENSG00000106538	False	False
ENSG00000135966	False	False
ENSG00000123505	False	False
ENSG00000127948	False	False
ENSG00000258484	False	False
ENSG00000085449	False	False
ENSG00000143252	True	False
ENSG00000163377	False	False
ENSG00000166535	False	False
ENSG00000253831	False	False
ENSG00000119523	False	False
ENSG00000167748	False	False
ENSG00000126088	False	False
ENSG00000113441	False	False
ENSG00000159763	False	False
ENSG00000205899	False	False
ENSG00000179943	False	False
ENSG00000206557	False	False
ENSG00000241399	False	False
ENSG00000159516	False	False
ENSG00000138777	False	False
ENSG00000077616	False	False
ENSG00000136371	False	False
ENSG00000101150	False	False
ENSG00000136710	False	False
ENSG00000145491	False	False
ENSG00000156599	False	False
ENSG00000168288	False	False
ENSG00000115956	False	False
ENSG00000101343	True	False
ENSG00000050438	False	False
ENSG00000138347	False	False
ENSG00000125304	False	False
ENSG00000116954	False	False
ENSG00000143156	False	False
ENSG00000137414	False	False
ENSG00000164695	False	False
ENSG00000137500	False	False
ENSG00000141219	False	False
ENSG00000102103	False	False
ENSG00000186765	False	False
ENSG00000143105	False	False
ENSG00000080910	False	False
ENSG00000100802	False	False
ENSG00000126768	False	False
ENSG00000103042	False	False
ENSG00000171806	False	False
ENSG00000138821	False	False
ENSG00000180089	False	False
ENSG00000204899	False	False
ENSG00000167941	False	False
ENSG00000213221	False	False
ENSG00000177300	False	False
ENSG00000100170	False	False
ENSG00000166596	False	False
ENSG00000110911	False	False
ENSG00000171201	False	False
ENSG00000169955	False	False
ENSG00000185379	False	False
ENSG00000167904	False	False
ENSG00000120860	False	False
ENSG00000196368	False	False
ENSG00000147383	False	False
ENSG00000206237	False	False
ENSG00000112486	False	False
ENSG00000002745	False	False
ENSG00000242802	False	False
ENSG00000106012	False	False
ENSG00000283934	False	False
ENSG00000117758	False	False
ENSG00000132517	False	False
ENSG00000203690	False	False
ENSG00000178057	False	False
ENSG00000239900	False	False
ENSG00000205981	False	False
ENSG00000180488	False	False
ENSG00000198569	False	False
ENSG00000131446	False	False
ENSG00000154582	False	False
ENSG00000145284	False	False
ENSG00000170482	False	False
ENSG00000172006	False	False
ENSG00000116774	False	False
ENSG00000165006	False	False
ENSG00000104415	False	False
ENSG00000242485	False	False
ENSG00000181523	False	False
ENSG00000203737	False	False
ENSG00000166743	False	False
ENSG00000181404	False	False
ENSG00000154814	False	False
ENSG00000171936	False	False
ENSG00000204323	False	False
ENSG00000125814	False	False
ENSG00000164983	False	False
ENSG00000125388	False	False
ENSG00000092377	False	False
ENSG00000164944	False	False
ENSG00000164270	False	False
ENSG00000168275	False	False
ENSG00000186866	False	False
	False	False
ENSG00000108474	False	False
ENSG00000081870	False	False
ENSG00000263290	False	False
ENSG00000173264	False	False
ENSG00000162931	False	False
ENSG00000134825	False	False
ENSG00000155975	False	False
ENSG00000160285	False	False
ENSG00000215454	False	False
ENSG00000124780	False	False
ENSG00000146147	False	False
ENSG00000165120	False	False
ENSG00000101746	False	False
ENSG00000141873	False	False
ENSG00000139133	False	False
ENSG00000197406	False	False
ENSG00000178150	False	False
ENSG00000115204	False	False
ENSG00000116039	False	False
ENSG00000079150	False	False
ENSG00000198464	False	False
ENSG00000102007	False	False
ENSG00000132313	False	False
ENSG00000139719	False	False
ENSG00000135373	False	False
ENSG00000171109	False	False
ENSG00000166426	False	False
ENSG00000065325	False	False
ENSG00000185432	False	False
ENSG00000212657	False	False
ENSG00000215717	False	False
ENSG00000170473	False	False
ENSG00000189280	False	False
ENSG00000109854	False	False
ENSG00000102897	False	False
ENSG00000151690	False	False
ENSG00000198937	False	False
ENSG00000185808	False	False
ENSG00000122140	False	False
ENSG00000169752	False	False
ENSG00000134443	True	False
ENSG00000158042	False	False
ENSG00000133943	False	False
ENSG00000173875	False	False
ENSG00000168701	False	False
ENSG00000146215	False	False
ENSG00000167323	False	False
ENSG00000170382	False	False
ENSG00000152382	False	False
ENSG00000148356	False	False
ENSG00000147533	False	False
ENSG00000066322	False	False
ENSG00000162236	False	False
ENSG00000109689	False	False
ENSG00000168515	False	False
ENSG00000144230	False	False
ENSG00000133872	False	False
ENSG00000127837	False	False
ENSG00000174740	False	False
ENSG00000175336	False	False
ENSG00000273111	False	False
ENSG00000187957	False	False
ENSG00000002933	False	False
ENSG00000152454	False	False
ENSG00000145107	False	False
ENSG00000147684	False	False
ENSG00000164691	False	False
ENSG00000083838	False	False
ENSG00000145919	False	False
ENSG00000159445	False	False
ENSG00000178394	False	False
ENSG00000136444	False	False
ENSG00000112379	False	False
ENSG00000169594	False	False
ENSG00000160870	False	False
ENSG00000161298	False	False
ENSG00000197696	False	False
ENSG00000131269	False	False
ENSG00000037042	False	False
ENSG00000101181	False	False
ENSG00000065518	False	False
ENSG00000187650	False	False
ENSG00000157693	False	False
ENSG00000173915	False	False
ENSG00000115084	False	False
ENSG00000130545	False	False
ENSG00000126733	False	False
ENSG00000104660	True	False
ENSG00000177951	False	False
ENSG00000178860	False	False
ENSG00000149357	False	False
ENSG00000127419	False	False
ENSG00000137868	False	False
ENSG00000160746	False	False
ENSG00000187678	False	False
ENSG00000166211	False	False
ENSG00000184302	False	False
ENSG00000171885	False	False
ENSG00000277725	False	False
ENSG00000162670	False	False
ENSG00000168079	False	False
ENSG00000149582	False	False
ENSG00000183421	False	False
ENSG00000139624	False	False
ENSG00000164182	False	False
ENSG00000178372	False	False
	False	False
ENSG00000095587	False	False
ENSG00000167414	False	False
ENSG00000132677	False	False
ENSG00000137491	False	False
ENSG00000198168	False	False
ENSG00000091640	False	False
ENSG00000171155	False	False
ENSG00000126267	False	False
ENSG00000144671	False	False
ENSG00000182346	False	False
ENSG00000137767	False	False
ENSG00000159882	False	False
ENSG00000100191	False	False
ENSG00000198553	False	False
ENSG00000136111	False	False
ENSG00000177830	False	False
ENSG00000128928	False	False
ENSG00000164975	False	False
ENSG00000139974	False	False
ENSG00000149547	False	False
ENSG00000282739	False	False
ENSG00000103355	False	False
ENSG00000119471	False	False
ENSG00000188026	False	False
ENSG00000198171	False	False
ENSG00000149016	False	False
ENSG00000168263	False	False
ENSG00000137198	False	False
ENSG00000107815	False	False
ENSG00000164168	False	False
ENSG00000254997	False	False
ENSG00000154783	False	False
ENSG00000150433	False	False
ENSG00000099866	False	False
ENSG00000229802	False	False
ENSG00000128609	False	False
ENSG00000143363	False	False
ENSG00000087253	False	False
ENSG00000123171	False	False
ENSG00000069849	False	False
ENSG00000166118	False	False
ENSG00000196209	False	False
ENSG00000174106	False	False
ENSG00000147082	False	False
ENSG00000121236	False	False
ENSG00000171649	False	False
ENSG00000274538	False	False
ENSG00000054796	False	False
ENSG00000125522	False	False
ENSG00000144278	False	False
ENSG00000125430	False	False
ENSG00000101290	False	False
ENSG00000170624	False	False
ENSG00000135074	False	False
ENSG00000125734	False	False
ENSG00000107593	False	False
ENSG00000196150	False	False
ENSG00000109065	False	False
ENSG00000180340	False	False
ENSG00000276776	False	False
ENSG00000204967	False	False
ENSG00000164600	False	False
ENSG00000104853	False	False
ENSG00000175697	False	False
ENSG00000148290	False	False
ENSG00000167531	False	False
ENSG00000113889	False	False
ENSG00000101158	False	False
ENSG00000266472	False	False
ENSG00000174326	False	False
ENSG00000171045	False	False
ENSG00000175768	False	False
ENSG00000173638	False	False
ENSG00000143595	False	False
ENSG00000153037	False	False
ENSG00000198146	False	False
ENSG00000100379	False	False
ENSG00000243279	False	False
ENSG00000166562	False	False
ENSG00000274334	False	False
ENSG00000244187	False	False
ENSG00000101323	False	False
ENSG00000272398	False	False
ENSG00000143797	False	False
ENSG00000189159	False	False
ENSG00000014164	False	False
ENSG00000183640	False	False
ENSG00000178904	False	False
ENSG00000075399	False	False
ENSG00000165970	False	False
ENSG00000153976	False	False
ENSG00000165195	False	False
ENSG00000115844	False	False
ENSG00000128989	False	False
ENSG00000221859	False	False
ENSG00000185739	False	False
ENSG00000146729	False	False
ENSG00000173457	False	False
ENSG00000231852	False	False
ENSG00000104267	False	False
ENSG00000204178	False	False
ENSG00000197177	False	False
ENSG00000158882	False	False
ENSG00000142197	False	False
ENSG00000090266	False	False
ENSG00000064270	False	False
ENSG00000148154	False	False
ENSG00000196867	False	False
ENSG00000155957	False	False
ENSG00000153495	False	False
ENSG00000100316	False	False
ENSG00000170006	False	False
ENSG00000154719	False	False
ENSG00000181027	False	False
ENSG00000215712	False	False
ENSG00000123545	False	False
ENSG00000188175	False	False
ENSG00000181192	False	False
ENSG00000115507	False	False
ENSG00000197901	False	False
ENSG00000185608	False	False
ENSG00000161610	False	False
ENSG00000052802	False	False
ENSG00000155066	False	False
ENSG00000105642	False	False
ENSG00000090971	False	False
ENSG00000132423	False	False
ENSG00000106018	False	False
ENSG00000183856	False	False
ENSG00000149932	False	False
ENSG00000275724	False	False
ENSG00000178343	False	False
ENSG00000163734	False	False
ENSG00000213921	False	False
ENSG00000151353	False	False
ENSG00000138621	False	False
ENSG00000139648	False	False
ENSG00000101464	False	False
ENSG00000136883	False	False
ENSG00000186891	False	False
ENSG00000172346	False	False
ENSG00000254726	False	False
ENSG00000182362	False	False
ENSG00000165794	False	False
ENSG00000109743	False	False
ENSG00000121075	False	False
ENSG00000094963	False	False
ENSG00000136802	False	False
ENSG00000172663	False	False
ENSG00000158850	False	False
ENSG00000116906	False	False
ENSG00000160318	False	False
ENSG00000027644	False	False
ENSG00000196517	False	False
ENSG00000087157	False	False
ENSG00000103089	False	False
ENSG00000129744	False	False
ENSG00000164300	False	False
ENSG00000280094	False	False
ENSG00000176136	False	False
ENSG00000100227	False	False
ENSG00000164325	False	False
ENSG00000144407	False	False
ENSG00000146409	False	False
ENSG00000263028	False	False
ENSG00000143771	False	False
ENSG00000177683	False	False
ENSG00000162694	False	False
ENSG00000135469	False	False
ENSG00000213380	False	False
ENSG00000204381	False	False
ENSG00000158458	False	False
ENSG00000108784	False	False
ENSG00000137819	False	False
ENSG00000157911	False	False
ENSG00000184524	False	False
ENSG00000168282	False	False
ENSG00000117479	False	False
ENSG00000288141	False	False
ENSG00000172986	False	False
ENSG00000175787	False	False
ENSG00000149476	False	False
ENSG00000153291	False	False
ENSG00000008517	False	False
ENSG00000007255	False	False
ENSG00000147669	False	False
ENSG00000140374	False	False
ENSG00000150045	False	False
ENSG00000123219	False	False
ENSG00000165917	False	False
ENSG00000128228	False	False
ENSG00000124608	False	False
ENSG00000154639	False	False
ENSG00000016391	False	False
ENSG00000187010	False	False
ENSG00000151632	False	False
ENSG00000186977	False	False
ENSG00000185053	False	False
ENSG00000100036	False	False
ENSG00000165282	False	False
ENSG00000119321	False	False
ENSG00000256294	False	False
ENSG00000133731	False	False
ENSG00000163218	False	False
ENSG00000274749	False	False
ENSG00000143740	False	False
ENSG00000169704	False	False
ENSG00000168306	False	False
ENSG00000285493	False	False
ENSG00000166569	False	False
ENSG00000163285	False	False
ENSG00000177558	False	False
ENSG00000099958	False	False
ENSG00000140254	False	False
ENSG00000163098	False	False
ENSG00000105088	False	False
ENSG00000163687	False	False
ENSG00000263961	False	False
ENSG00000183032	False	False
ENSG00000104290	False	False
ENSG00000115364	False	False
ENSG00000198931	False	False
ENSG00000159224	False	False
ENSG00000165949	False	False
ENSG00000100347	False	False
ENSG00000108702	False	False
ENSG00000183696	False	False
ENSG00000115944	False	False
ENSG00000164434	False	False
ENSG00000021461	False	False
ENSG00000175893	False	False
ENSG00000106436	False	False
ENSG00000167700	False	False
ENSG00000138944	False	False
ENSG00000146842	False	False
ENSG00000102383	False	False
ENSG00000204065	False	False
ENSG00000070061	False	False
ENSG00000010539	False	False
ENSG00000132744	False	False
ENSG00000149573	False	False
ENSG00000170881	False	False
ENSG00000003987	False	False
ENSG00000277424	False	False
ENSG00000165898	False	False
ENSG00000130988	False	False
ENSG00000167280	False	False
ENSG00000115902	False	False
ENSG00000197119	False	False
ENSG00000186510	False	False
ENSG00000171161	False	False
ENSG00000164535	False	False
ENSG00000165629	False	False
ENSG00000283201	False	False
ENSG00000114374	False	False
ENSG00000119574	False	False
ENSG00000168301	False	False
ENSG00000086991	False	False
ENSG00000244025	False	False
ENSG00000175087	False	False
ENSG00000185049	False	False
ENSG00000143278	False	False
ENSG00000176087	False	False
ENSG00000120675	False	False
ENSG00000163608	False	False
ENSG00000187766	False	False
ENSG00000139496	False	False
ENSG00000117410	False	False
ENSG00000136449	False	False
ENSG00000255072	False	False
ENSG00000118434	False	False
ENSG00000083844	False	False
ENSG00000121775	False	False
ENSG00000205857	False	False
ENSG00000125901	False	False
ENSG00000145020	False	False
ENSG00000172318	False	False
ENSG00000096092	False	False
ENSG00000072954	False	False
ENSG00000003989	False	False
ENSG00000118972	False	False
ENSG00000152954	False	False
ENSG00000146416	False	False
ENSG00000121316	False	False
ENSG00000007038	False	False
ENSG00000125780	False	False
ENSG00000135823	False	False
ENSG00000099957	False	False
ENSG00000168497	False	False
ENSG00000133678	False	False
ENSG00000187569	False	False
ENSG00000146857	False	False
ENSG00000213085	False	False
ENSG00000197181	False	False
ENSG00000164414	False	False
ENSG00000130032	False	False
ENSG00000187258	False	False
ENSG00000228278	False	False
ENSG00000125630	False	False
ENSG00000106624	False	False
ENSG00000167332	False	False
ENSG00000113430	False	False
ENSG00000122696	False	False
ENSG00000164283	False	False
ENSG00000112759	False	False
ENSG00000166143	False	False
ENSG00000184351	False	False
ENSG00000137547	False	False
ENSG00000116898	False	False
ENSG00000164167	False	False
ENSG00000127928	False	False
ENSG00000168314	False	False
ENSG00000166111	False	False
ENSG00000189180	False	False
ENSG00000118557	False	False
ENSG00000143162	False	False
ENSG00000110108	False	False
ENSG00000138271	False	False
ENSG00000143183	False	False
ENSG00000112651	False	False
ENSG00000149452	False	False
ENSG00000182687	False	False
ENSG00000151023	False	False
ENSG00000204176	False	False
ENSG00000120705	False	False
ENSG00000105668	False	False
ENSG00000188467	False	False
ENSG00000174669	False	False
ENSG00000106341	False	False
ENSG00000243749	False	False
ENSG00000172817	False	False
ENSG00000244234	False	False
ENSG00000244362	False	False
ENSG00000117586	False	False
ENSG00000250565	False	False
ENSG00000197705	False	False
ENSG00000102978	False	False
ENSG00000125995	False	False
ENSG00000177666	False	False
ENSG00000198551	False	False
ENSG00000167792	False	False
ENSG00000179593	False	False
ENSG00000135040	False	False
ENSG00000063854	False	False
ENSG00000129187	False	False
ENSG00000162882	False	False
ENSG00000053501	False	False
ENSG00000196289	False	False
ENSG00000160055	False	False
ENSG00000112494	False	False
ENSG00000100078	False	False
	False	False
ENSG00000187546	False	False
ENSG00000116353	False	False
ENSG00000140932	False	False
ENSG00000203857	False	False
ENSG00000128335	False	False
ENSG00000221837	False	False
ENSG00000131183	False	False
ENSG00000154415	False	False
ENSG00000160349	False	False
ENSG00000137965	False	False
ENSG00000126266	False	False
ENSG00000278091	False	False
ENSG00000155906	False	False
ENSG00000119599	False	False
ENSG00000132563	False	False
ENSG00000113905	False	False
ENSG00000159496	False	False
ENSG00000182180	False	False
ENSG00000152127	False	False
ENSG00000104140	False	False
	False	False
ENSG00000121634	False	False
ENSG00000164972	False	False
ENSG00000170091	False	False
ENSG00000143641	False	False
ENSG00000185669	False	False
ENSG00000133398	False	False
ENSG00000152580	False	False
ENSG00000213625	False	False
ENSG00000164096	False	False
ENSG00000183087	False	False
ENSG00000274488	False	False
ENSG00000046653	False	False
ENSG00000163586	False	False
ENSG00000166503	False	False
ENSG00000132749	False	False
ENSG00000187713	False	False
ENSG00000144567	False	False
ENSG00000126259	False	False
ENSG00000067646	False	False
ENSG00000187372	False	False
ENSG00000130035	False	False
ENSG00000009950	False	False
ENSG00000134873	False	False
ENSG00000111775	False	False
ENSG00000019186	False	False
ENSG00000164961	False	False
ENSG00000120519	False	False
ENSG00000198556	False	False
ENSG00000154813	False	False
ENSG00000104626	False	False
ENSG00000214941	False	False
ENSG00000197586	False	False
ENSG00000151876	False	False
ENSG00000166136	False	False
ENSG00000171860	False	False
ENSG00000123739	False	False
	False	False
ENSG00000168878	False	False
ENSG00000118702	False	False
ENSG00000121680	False	False
ENSG00000101307	False	False
ENSG00000118402	False	False
ENSG00000240432	False	False
ENSG00000171169	False	False
ENSG00000170271	False	False
ENSG00000144771	False	False
ENSG00000281448	False	False
ENSG00000126264	False	False
ENSG00000148248	False	False
ENSG00000124279	False	False
ENSG00000113088	False	False
ENSG00000157823	False	False
ENSG00000157992	False	False
ENSG00000105583	False	False
ENSG00000214253	False	False
ENSG00000278210	False	False
ENSG00000178789	False	False
	False	False
ENSG00000161381	False	False
ENSG00000165996	False	False
ENSG00000102393	False	False
ENSG00000170049	False	False
ENSG00000165264	False	False
ENSG00000175003	False	False
ENSG00000235568	False	False
ENSG00000203933	False	False
ENSG00000148358	False	False
ENSG00000066827	False	False
ENSG00000145022	False	False
ENSG00000185303	False	False
ENSG00000183145	False	False
ENSG00000102271	False	False
ENSG00000178307	False	False
ENSG00000163254	False	False
ENSG00000175832	True	False
ENSG00000204604	False	False
ENSG00000145779	False	False
ENSG00000085871	False	False
ENSG00000262664	False	False
ENSG00000145757	False	False
ENSG00000143198	False	False
ENSG00000170476	False	False
ENSG00000189221	False	False
ENSG00000196511	False	False
ENSG00000100027	False	False
ENSG00000198839	False	False
ENSG00000198833	False	False
ENSG00000211448	False	False
ENSG00000177551	False	False
ENSG00000196968	False	False
ENSG00000119686	False	False
ENSG00000203797	False	False
ENSG00000197208	False	False
ENSG00000076258	False	False
ENSG00000171222	False	False
ENSG00000169857	False	False
ENSG00000198276	False	False
ENSG00000141012	False	False
ENSG00000254415	False	False
ENSG00000085465	False	False
ENSG00000197062	False	False
ENSG00000120669	False	False
ENSG00000142937	False	False
ENSG00000116221	False	False
ENSG00000104976	False	False
ENSG00000169738	False	False
ENSG00000169715	False	False
ENSG00000084453	False	False
ENSG00000137726	False	False
ENSG00000143315	False	False
ENSG00000124160	False	False
ENSG00000172115	False	False
ENSG00000164626	False	False
ENSG00000285433	False	False
ENSG00000213918	False	False
ENSG00000168734	False	False
ENSG00000213203	False	False
ENSG00000138660	False	False
ENSG00000051596	False	False
ENSG00000241598	False	False
ENSG00000116218	False	False
ENSG00000172159	False	False
ENSG00000182459	False	False
ENSG00000146755	False	False
ENSG00000221944	False	False
ENSG00000197150	False	False
ENSG00000138463	False	False
ENSG00000203805	False	False
ENSG00000074657	False	False
ENSG00000109736	False	False
ENSG00000187987	False	False
ENSG00000152779	False	False
ENSG00000174547	False	False
	False	False
ENSG00000162399	False	False
ENSG00000183605	False	False
ENSG00000086300	False	False
ENSG00000140650	False	False
ENSG00000184905	False	False
ENSG00000131459	False	False
ENSG00000080189	False	False
ENSG00000103978	False	False
ENSG00000176641	False	False
ENSG00000163412	False	False
ENSG00000167656	False	False
ENSG00000107731	False	False
ENSG00000164252	False	False
ENSG00000101974	False	False
ENSG00000170469	False	False
ENSG00000172057	False	False
ENSG00000188092	False	False
ENSG00000269437	False	False
ENSG00000175782	False	False
ENSG00000144029	False	False
ENSG00000182816	False	False
ENSG00000156265	False	False
ENSG00000181619	False	False
ENSG00000179213	False	False
ENSG00000170265	False	False
ENSG00000177058	False	False
ENSG00000071246	False	False
ENSG00000125827	False	False
ENSG00000168229	False	False
ENSG00000160014	False	False
ENSG00000151366	False	False
ENSG00000159618	False	False
ENSG00000104388	False	False
ENSG00000170442	False	False
ENSG00000113966	False	False
ENSG00000182534	False	False
ENSG00000163431	False	False
ENSG00000204962	False	False
ENSG00000130150	False	False
ENSG00000151014	False	False
ENSG00000196767	False	False
ENSG00000125875	False	False
ENSG00000169607	False	False
ENSG00000182885	False	False
ENSG00000187513	False	False
ENSG00000196109	False	False
ENSG00000173409	False	False
ENSG00000184497	False	False
ENSG00000139180	False	False
ENSG00000159592	False	False
ENSG00000240682	False	False
ENSG00000274126	False	False
ENSG00000164576	False	False
ENSG00000182934	False	False
ENSG00000143149	False	False
ENSG00000170255	False	False
ENSG00000147432	False	False
ENSG00000183077	False	False
ENSG00000112855	False	False
ENSG00000170549	False	False
ENSG00000121310	False	False
ENSG00000164466	False	False
ENSG00000180785	False	False
ENSG00000154930	False	False
ENSG00000128791	False	False
ENSG00000275718	False	False
ENSG00000185090	False	False
ENSG00000155893	False	False
ENSG00000162944	False	False
ENSG00000143314	False	False
ENSG00000001461	False	False
ENSG00000166862	False	False
ENSG00000280516	False	False
ENSG00000015413	False	False
ENSG00000139572	False	False
ENSG00000174886	False	False
ENSG00000185313	False	False
ENSG00000127980	False	False
ENSG00000288324	False	False
ENSG00000112246	False	False
ENSG00000125831	False	False
ENSG00000158481	False	False
ENSG00000102738	False	False
ENSG00000174796	False	False
ENSG00000135972	False	False
ENSG00000142089	False	False
ENSG00000242252	False	False
ENSG00000204965	False	False
ENSG00000156469	False	False
ENSG00000162086	False	False
ENSG00000171360	False	False
ENSG00000243147	False	False
ENSG00000133935	False	False
ENSG00000178719	False	False
ENSG00000143320	False	False
ENSG00000159527	False	False
ENSG00000132463	False	False
ENSG00000124532	False	False
ENSG00000166855	False	False
ENSG00000238289	False	False
ENSG00000269405	False	False
ENSG00000277494	False	False
ENSG00000173250	False	False
ENSG00000167118	False	False
ENSG00000100601	False	False
	False	False
ENSG00000129235	False	False
ENSG00000163959	False	False
ENSG00000136521	False	False
ENSG00000119888	False	False
ENSG00000171928	False	False
ENSG00000240857	False	False
ENSG00000174574	False	False
ENSG00000151778	False	False
ENSG00000109016	False	False
ENSG00000182793	False	False
ENSG00000177047	False	False
ENSG00000136404	False	False
ENSG00000111666	False	False
ENSG00000262862	False	False
ENSG00000167311	False	False
ENSG00000167972	False	False
ENSG00000139132	False	False
ENSG00000140326	False	False
ENSG00000170486	False	False
ENSG00000061794	False	False
ENSG00000164296	False	False
ENSG00000273607	False	False
ENSG00000135052	False	False
ENSG00000180440	False	False
ENSG00000197037	False	False
ENSG00000275052	False	False
ENSG00000100258	False	False
ENSG00000185404	False	False
ENSG00000163322	False	False
ENSG00000135441	False	False
ENSG00000100234	False	False
ENSG00000168827	False	False
ENSG00000094975	False	False
ENSG00000137207	False	False
ENSG00000123415	False	False
ENSG00000137252	False	False
ENSG00000114395	False	False
ENSG00000182111	False	False
ENSG00000171853	False	False
ENSG00000125900	False	False
ENSG00000078795	False	False
ENSG00000196937	False	False
ENSG00000167565	False	False
ENSG00000147123	False	False
ENSG00000162885	False	False
ENSG00000139433	False	False
ENSG00000129518	False	False
ENSG00000106330	False	False
ENSG00000186377	False	False
ENSG00000187193	False	False
ENSG00000198758	False	False
ENSG00000155890	False	False
ENSG00000130717	False	False
ENSG00000155858	False	False
ENSG00000181458	False	False
ENSG00000115339	False	False
ENSG00000108576	False	False
ENSG00000143401	False	False
ENSG00000171855	False	False
ENSG00000131143	False	False
ENSG00000100266	False	False
ENSG00000251380	False	False
ENSG00000135185	False	False
ENSG00000111843	False	False
ENSG00000112695	False	False
ENSG00000136051	False	False
ENSG00000196812	False	False
ENSG00000157184	False	False
ENSG00000079689	False	False
ENSG00000182600	False	False
ENSG00000091010	False	False
ENSG00000137857	False	False
ENSG00000081842	False	False
ENSG00000188428	False	False
ENSG00000204335	False	False
ENSG00000165443	False	False
ENSG00000142784	False	False
ENSG00000147873	False	False
ENSG00000224877	False	False
ENSG00000266964	False	False
ENSG00000183648	False	False
ENSG00000134539	False	False
ENSG00000171262	False	False
ENSG00000186090	False	False
ENSG00000138018	False	False
ENSG00000163202	False	False
ENSG00000172007	False	False
ENSG00000248487	False	False
ENSG00000167914	False	False
ENSG00000174137	False	False
ENSG00000130876	False	False
ENSG00000152669	False	False
ENSG00000118246	False	False
ENSG00000265817	False	False
ENSG00000160131	False	False
ENSG00000169288	False	False
ENSG00000069943	False	False
ENSG00000278533	False	False
	False	False
ENSG00000067167	False	False
ENSG00000061918	False	False
ENSG00000242173	False	False
ENSG00000171766	False	False
ENSG00000251664	False	False
ENSG00000166676	False	False
ENSG00000159596	False	False
ENSG00000102100	False	False
ENSG00000158864	False	False
ENSG00000135390	False	False
ENSG00000137502	False	False
ENSG00000110717	False	False
ENSG00000066855	False	False
ENSG00000171566	False	False
	False	False
ENSG00000186300	False	False
ENSG00000062582	False	False
ENSG00000116675	False	False
ENSG00000100196	False	False
ENSG00000175356	False	False
ENSG00000139269	False	False
ENSG00000188120	False	False
ENSG00000009830	False	False
ENSG00000274739	False	False
ENSG00000113811	False	False
ENSG00000143248	False	False
ENSG00000109991	False	False
ENSG00000004142	False	False
ENSG00000090581	False	False
ENSG00000111863	False	False
ENSG00000183671	False	False
ENSG00000104133	False	False
ENSG00000153391	False	False
ENSG00000158865	False	False
	False	False
ENSG00000224290	False	False
ENSG00000175283	False	False
ENSG00000186564	False	False
ENSG00000233312	False	False
ENSG00000134716	False	False
ENSG00000147256	False	False
ENSG00000084092	False	False
ENSG00000149150	False	False
ENSG00000154027	False	False
ENSG00000173535	False	False
ENSG00000004848	False	False
ENSG00000144962	False	False
ENSG00000174851	False	False
ENSG00000122585	False	False
ENSG00000169217	False	False
ENSG00000164405	False	False
ENSG00000177556	False	False
ENSG00000175274	False	False
ENSG00000144792	False	False
ENSG00000276880	False	False
ENSG00000256977	False	False
ENSG00000255690	False	False
ENSG00000254685	False	False
ENSG00000159723	False	False
ENSG00000136897	False	False
ENSG00000198258	False	False
ENSG00000099624	False	False
ENSG00000065308	False	False
ENSG00000236334	False	False
ENSG00000168000	False	False
ENSG00000221826	False	False
ENSG00000100997	False	False
ENSG00000263160	False	False
ENSG00000053438	False	False
ENSG00000156170	False	False
ENSG00000148606	False	False
ENSG00000100528	False	False
ENSG00000145936	False	False
ENSG00000011198	False	False
ENSG00000010310	False	False
ENSG00000185610	False	False
ENSG00000119421	False	False
ENSG00000243955	False	False
ENSG00000108231	False	False
ENSG00000182749	False	False
ENSG00000164574	False	False
ENSG00000188171	False	False
ENSG00000152700	False	False
ENSG00000147027	False	False
ENSG00000115520	False	False
ENSG00000110917	False	False
ENSG00000288399	False	False
ENSG00000180481	False	False
ENSG00000101292	False	False
ENSG00000103811	False	False
ENSG00000128203	False	False
ENSG00000109270	False	False
ENSG00000144820	False	False
ENSG00000100302	False	False
ENSG00000119013	False	False
ENSG00000277607	False	False
ENSG00000174165	False	False
ENSG00000121210	False	False
ENSG00000100206	False	False
ENSG00000180776	False	False
ENSG00000131381	False	False
ENSG00000132703	False	False
ENSG00000110107	False	False
ENSG00000166856	False	False
ENSG00000174327	False	False
ENSG00000137133	False	False
ENSG00000104826	False	False
ENSG00000288508	False	False
ENSG00000132541	False	False
ENSG00000111728	False	False
ENSG00000126773	False	False
ENSG00000149792	False	False
ENSG00000179761	False	False
ENSG00000178279	False	False
ENSG00000278489	False	False
ENSG00000184752	False	False
ENSG00000151093	False	False
ENSG00000172824	False	False
ENSG00000169241	False	False
ENSG00000102678	False	False
ENSG00000101638	False	False
ENSG00000152904	False	False
ENSG00000160593	False	False
ENSG00000112667	False	False
ENSG00000186501	False	False
ENSG00000108417	False	False
ENSG00000178662	False	False
ENSG00000100353	False	False
ENSG00000167632	False	False
ENSG00000145817	False	False
ENSG00000164978	False	False
ENSG00000186198	False	False
ENSG00000262406	False	False
ENSG00000253958	False	False
ENSG00000166946	False	False
ENSG00000180053	False	False
ENSG00000197408	False	False
ENSG00000124568	False	False
ENSG00000072080	False	False
ENSG00000221864	False	False
ENSG00000164303	False	False
ENSG00000100312	False	False
ENSG00000167543	False	False
ENSG00000140931	False	False
ENSG00000134882	False	False
ENSG00000162517	False	False
ENSG00000171954	False	False
ENSG00000101890	False	False
ENSG00000137251	False	False
ENSG00000213096	False	False
ENSG00000095981	False	False
ENSG00000006831	False	False
ENSG00000100372	False	False
ENSG00000099625	False	False
ENSG00000016864	False	False
ENSG00000169490	False	False
ENSG00000197165	False	False
ENSG00000164976	False	False
ENSG00000168653	False	False
ENSG00000128045	False	False
ENSG00000204140	False	False
ENSG00000142694	False	False
ENSG00000136110	False	False
ENSG00000141337	False	False
ENSG00000275181	False	False
ENSG00000172236	False	False
ENSG00000149927	False	False
ENSG00000164919	True	False
ENSG00000124784	False	False
ENSG00000100083	False	False
ENSG00000249581	False	False
ENSG00000284881	False	False
ENSG00000145882	False	False
ENSG00000156282	False	False
ENSG00000178828	False	False
ENSG00000185414	False	False
ENSG00000117620	False	False
ENSG00000182154	False	False
ENSG00000168724	False	False
ENSG00000171116	False	False
ENSG00000068912	False	False
ENSG00000166035	False	False
ENSG00000129255	False	False
ENSG00000180828	False	False
ENSG00000285112	False	False
ENSG00000274145	False	False
ENSG00000284290	False	False
ENSG00000128534	False	False
ENSG00000165076	False	False
ENSG00000146250	False	False
ENSG00000071189	False	False
ENSG00000139636	False	False
ENSG00000111684	False	False
ENSG00000171303	False	False
ENSG00000170950	False	False
ENSG00000119004	False	False
ENSG00000189050	False	False
ENSG00000170484	False	False
ENSG00000156885	False	False
ENSG00000146453	False	False
ENSG00000109667	False	False
ENSG00000125084	False	False
ENSG00000169903	False	False
ENSG00000169228	False	False
ENSG00000142494	False	False
ENSG00000254858	False	False
ENSG00000160963	False	False
ENSG00000117143	False	False
ENSG00000176387	False	False
ENSG00000198818	False	False
ENSG00000184058	False	False
ENSG00000147155	False	False
ENSG00000175514	False	False
ENSG00000141449	False	False
ENSG00000174562	False	False
ENSG00000087301	False	False
ENSG00000162407	False	False
ENSG00000182035	False	False
ENSG00000067048	False	False
ENSG00000143443	False	False
ENSG00000103274	False	False
ENSG00000157593	False	False
ENSG00000154620	False	False
ENSG00000176142	False	False
ENSG00000172551	False	False
ENSG00000140265	False	False
ENSG00000165060	False	False
ENSG00000146085	False	False
ENSG00000144406	False	False
ENSG00000282074	False	False
ENSG00000143167	False	False
ENSG00000206181	False	False
ENSG00000176083	False	False
ENSG00000113734	False	False
ENSG00000172113	False	False
ENSG00000196184	False	False
ENSG00000149196	False	False
ENSG00000196670	False	False
ENSG00000130234	False	False
ENSG00000163812	False	False
ENSG00000166473	False	False
ENSG00000168246	False	False
ENSG00000182916	False	False
ENSG00000077585	False	False
ENSG00000085760	False	False
ENSG00000094841	False	False
ENSG00000113593	False	False
ENSG00000100138	False	False
ENSG00000160785	False	False
ENSG00000131096	False	False
ENSG00000070444	False	False
	False	False
ENSG00000176623	False	False
ENSG00000280969	False	False
ENSG00000173272	False	False
ENSG00000166920	False	False
ENSG00000118804	False	False
ENSG00000130427	False	False
ENSG00000120594	False	False
ENSG00000187026	False	False
ENSG00000130656	False	False
ENSG00000173762	False	False
ENSG00000143157	False	False
ENSG00000099953	False	False
ENSG00000143436	False	False
ENSG00000127507	False	False
ENSG00000197566	False	False
ENSG00000126709	False	False
ENSG00000120925	False	False
ENSG00000159905	False	False
ENSG00000182263	False	False
ENSG00000183036	False	False
ENSG00000169474	False	False
ENSG00000164338	False	False
ENSG00000086619	False	False
ENSG00000169189	False	False
ENSG00000258659	False	False
ENSG00000018510	False	False
ENSG00000136732	False	False
ENSG00000149742	False	False
ENSG00000093144	False	False
ENSG00000186642	False	False
ENSG00000126107	False	False
ENSG00000160588	False	False
ENSG00000183066	False	False
ENSG00000130304	False	False
ENSG00000069998	False	False
ENSG00000005189	False	False
ENSG00000086696	False	False
ENSG00000149124	False	False
ENSG00000198324	False	False
ENSG00000163206	False	False
ENSG00000121318	False	False
ENSG00000165046	False	False
ENSG00000027847	False	False
ENSG00000103150	False	False
ENSG00000214511	False	False
ENSG00000124557	False	False
ENSG00000100095	False	False
ENSG00000157837	False	False
ENSG00000188338	False	False
ENSG00000281919	False	False
ENSG00000144810	False	False
	False	False
ENSG00000178199	False	False
ENSG00000174652	False	False
ENSG00000128268	False	False
ENSG00000164751	False	False
ENSG00000221880	False	False
ENSG00000160326	False	False
ENSG00000183067	False	False
ENSG00000123595	False	False
ENSG00000145354	False	False
ENSG00000119820	False	False
ENSG00000184787	False	False
ENSG00000196152	False	False
ENSG00000167536	False	False
ENSG00000232629	False	False
ENSG00000186998	False	False
ENSG00000112195	False	False
ENSG00000136877	False	False
ENSG00000086848	False	False
ENSG00000148153	False	False
ENSG00000162836	False	False
ENSG00000197296	False	False
ENSG00000155876	False	False
ENSG00000163870	False	False
ENSG00000198471	False	False
ENSG00000100412	False	False
ENSG00000138678	False	False
ENSG00000174151	False	False
ENSG00000168454	False	False
ENSG00000166135	False	False
ENSG00000285206	False	False
ENSG00000186474	False	False
ENSG00000165283	False	False
ENSG00000110871	False	False
ENSG00000177465	False	False
ENSG00000241595	False	False
ENSG00000198015	False	False
ENSG00000075420	False	False
ENSG00000205352	False	False
ENSG00000105398	False	False
ENSG00000242550	False	False
ENSG00000115593	False	False
	False	False
ENSG00000095970	False	False
ENSG00000004779	False	False
ENSG00000105889	False	False
ENSG00000168135	False	False
ENSG00000118298	False	False
ENSG00000177917	False	False
ENSG00000154478	False	False
ENSG00000161904	False	False
ENSG00000105518	False	False
ENSG00000177191	False	False
ENSG00000186407	False	False
ENSG00000158806	False	False
ENSG00000164933	False	False
ENSG00000282830	False	False
ENSG00000117228	False	False
ENSG00000129170	False	False
ENSG00000237110	False	False
ENSG00000087502	False	False
ENSG00000159958	False	False
ENSG00000154978	False	False
ENSG00000234829	False	False
ENSG00000156453	False	False
ENSG00000125888	False	False
ENSG00000136783	False	False
ENSG00000100290	False	False
ENSG00000198692	False	False
ENSG00000171195	False	False
ENSG00000187003	False	False
ENSG00000167895	False	False
ENSG00000196715	False	False
ENSG00000174132	False	False
ENSG00000151117	False	False
ENSG00000132275	False	False
ENSG00000177646	False	False
ENSG00000197858	False	False
ENSG00000143418	False	False
ENSG00000121853	False	False
ENSG00000164398	True	False
ENSG00000174514	False	False
ENSG00000186007	False	False
ENSG00000198326	False	False
ENSG00000163703	False	False
ENSG00000121851	False	False
ENSG00000162493	False	False
ENSG00000113296	False	False
ENSG00000162009	False	False
ENSG00000183775	False	False
ENSG00000112210	False	False
ENSG00000183668	False	False
ENSG00000013288	False	False
ENSG00000169230	False	False
ENSG00000179431	False	False
ENSG00000100060	False	False
ENSG00000215695	False	False
ENSG00000143158	False	False
ENSG00000131203	False	False
ENSG00000182938	False	False
ENSG00000054116	False	False
ENSG00000187416	False	False
ENSG00000174992	False	False
ENSG00000124678	False	False
ENSG00000124490	False	False
ENSG00000168802	False	False
ENSG00000160124	False	False
ENSG00000213901	False	False
ENSG00000156218	False	False
ENSG00000182810	False	False
ENSG00000182512	False	False
ENSG00000240542	False	False
ENSG00000132359	False	False
ENSG00000248483	False	False
ENSG00000135778	False	False
ENSG00000173080	False	False
ENSG00000186352	False	False
ENSG00000284835	False	False
ENSG00000164169	False	False
ENSG00000083099	False	False
ENSG00000173464	False	False
ENSG00000159111	False	False
ENSG00000122873	False	False
ENSG00000131495	False	False
ENSG00000177707	False	False
ENSG00000147437	False	False
ENSG00000173214	False	False
ENSG00000122304	False	False
ENSG00000170369	False	False
ENSG00000135709	False	False
ENSG00000181450	False	False
ENSG00000100350	False	False
ENSG00000104774	False	False
ENSG00000159063	False	False
ENSG00000132849	False	False
ENSG00000143367	False	False
ENSG00000275313	False	False
ENSG00000111237	False	False
ENSG00000161395	False	False
ENSG00000284228	False	False
ENSG00000031003	False	False
ENSG00000139914	False	False
ENSG00000139289	False	False
ENSG00000175581	False	False
ENSG00000100055	False	False
ENSG00000164040	False	False
ENSG00000170464	False	False
ENSG00000215644	False	False
ENSG00000096006	False	False
ENSG00000100300	False	False
ENSG00000124659	False	False
ENSG00000179085	False	False
ENSG00000134986	False	False
ENSG00000106682	False	False
ENSG00000112031	False	False
ENSG00000119723	False	False
ENSG00000023041	False	False
ENSG00000135346	False	False
ENSG00000165370	False	False
ENSG00000263309	False	False
ENSG00000182348	False	False
ENSG00000042980	False	False
ENSG00000265763	False	False
ENSG00000168778	False	False
ENSG00000237693	False	False
ENSG00000241258	False	False
ENSG00000093183	False	False
ENSG00000120742	False	False
ENSG00000279486	False	False
ENSG00000122042	False	False
ENSG00000182256	False	False
ENSG00000186967	False	False
ENSG00000277481	False	False
ENSG00000129437	False	False
ENSG00000176715	False	False
ENSG00000082515	False	False
ENSG00000171530	False	False
ENSG00000112818	False	False
ENSG00000154099	False	False
ENSG00000173141	False	False
ENSG00000153904	False	False
ENSG00000161920	False	False
ENSG00000173404	False	False
ENSG00000175318	False	False
ENSG00000186912	False	False
ENSG00000162366	False	False
ENSG00000175161	False	False
ENSG00000100580	False	False
ENSG00000116981	False	False
ENSG00000072657	False	False
ENSG00000172469	False	False
ENSG00000131721	False	False
ENSG00000108255	False	False
ENSG00000173020	False	False
ENSG00000091262	False	False
ENSG00000175497	False	False
ENSG00000173626	False	False
ENSG00000100243	False	False
ENSG00000274972	False	False
ENSG00000167283	False	False
ENSG00000122687	False	False
ENSG00000164404	False	False
ENSG00000258405	False	False
ENSG00000135437	False	False
ENSG00000177728	False	False
ENSG00000186803	False	False
ENSG00000244411	False	False
ENSG00000205060	False	False
ENSG00000172172	False	False
ENSG00000106526	False	False
ENSG00000166619	False	False
ENSG00000141744	False	False
ENSG00000284810	False	False
ENSG00000178177	False	False
ENSG00000204548	False	False
ENSG00000263341	False	False
ENSG00000148483	False	False
ENSG00000187054	False	False
ENSG00000165061	False	False
ENSG00000136267	False	False
ENSG00000197191	False	False
ENSG00000080608	False	False
ENSG00000123146	False	False
ENSG00000258839	False	False
ENSG00000133424	False	False
ENSG00000182489	False	False
ENSG00000154646	False	False
ENSG00000173928	False	False
ENSG00000180957	False	False
ENSG00000113384	False	False
ENSG00000147571	False	False
ENSG00000214736	False	False
ENSG00000149489	False	False
ENSG00000142684	False	False
ENSG00000205903	False	False
ENSG00000129128	False	False
ENSG00000116586	False	False
ENSG00000138615	False	False
ENSG00000212933	False	False
ENSG00000143185	False	False
ENSG00000164631	False	False
ENSG00000244067	False	False
ENSG00000167701	False	False
ENSG00000104635	False	False
ENSG00000169592	False	False
ENSG00000143612	False	False
ENSG00000099904	False	False
ENSG00000215455	False	False
ENSG00000151576	False	False
ENSG00000145780	False	False
ENSG00000196683	False	False
ENSG00000173530	False	False
ENSG00000276114	False	False
ENSG00000172733	False	False
ENSG00000156875	False	False
ENSG00000183778	False	False
ENSG00000122756	False	False
ENSG00000143374	False	False
ENSG00000127774	False	False
ENSG00000100321	False	False
ENSG00000168830	False	False
ENSG00000123612	False	False
ENSG00000204071	False	False
ENSG00000143196	False	False
ENSG00000196371	False	False
ENSG00000204909	False	False
ENSG00000205423	False	False
ENSG00000277972	False	False
ENSG00000075073	False	False
ENSG00000144057	False	False
ENSG00000141934	False	False
ENSG00000171861	False	False
ENSG00000064989	False	False
ENSG00000136280	False	False
ENSG00000198768	False	False
ENSG00000170571	False	False
ENSG00000278608	False	False
ENSG00000155850	False	False
ENSG00000155099	False	False
ENSG00000152082	False	False
ENSG00000176273	False	False
ENSG00000154743	False	False
ENSG00000164073	False	False
ENSG00000169836	False	False
ENSG00000143977	False	False
ENSG00000198133	False	False
ENSG00000131126	False	False
ENSG00000135974	False	False
ENSG00000282130	False	False
ENSG00000176256	False	False
ENSG00000123815	False	False
ENSG00000106692	False	False
ENSG00000158793	False	False
ENSG00000130921	False	False
ENSG00000158104	False	False
ENSG00000158985	False	False
ENSG00000134200	False	False
ENSG00000128699	False	False
ENSG00000120658	False	False
ENSG00000206072	False	False
ENSG00000213064	False	False
ENSG00000159337	False	False
ENSG00000167397	False	False
ENSG00000106524	False	False
ENSG00000103018	False	False
ENSG00000163933	False	False
ENSG00000153283	False	False
ENSG00000152475	False	False
ENSG00000175294	False	False
ENSG00000111639	False	False
ENSG00000179826	False	False
ENSG00000112996	False	False
ENSG00000174792	False	False
ENSG00000054148	False	False
ENSG00000115665	False	False
ENSG00000183034	False	False
ENSG00000178096	False	False
ENSG00000185973	False	False
ENSG00000013503	False	False
ENSG00000174917	False	False
ENSG00000243489	False	False
ENSG00000188991	False	False
ENSG00000135537	False	False
ENSG00000073737	False	False
ENSG00000100380	False	False
ENSG00000155970	False	False
ENSG00000226430	False	False
ENSG00000152348	False	False
ENSG00000166471	False	False
ENSG00000163975	False	False
ENSG00000167644	False	False
ENSG00000263247	False	False
ENSG00000184857	False	False
ENSG00000183978	False	False
ENSG00000188155	False	False
	False	False
ENSG00000103044	False	False
ENSG00000205439	False	False
ENSG00000160606	False	False
ENSG00000156574	False	False
ENSG00000185231	False	False
ENSG00000008853	False	False
ENSG00000034693	False	False
ENSG00000198130	False	False
ENSG00000126062	False	False
ENSG00000263464	False	False
ENSG00000145592	False	False
ENSG00000163295	False	False
ENSG00000130202	False	False
ENSG00000144744	False	False
ENSG00000181195	False	False
ENSG00000163710	False	False
ENSG00000145309	False	False
ENSG00000170920	False	False
ENSG00000168785	False	False
ENSG00000179163	False	False
ENSG00000125850	False	False
ENSG00000158815	False	False
ENSG00000203667	False	False
ENSG00000008197	False	False
ENSG00000181029	False	False
ENSG00000186777	False	False
ENSG00000128322	False	False
ENSG00000113845	False	False
ENSG00000075785	False	False
ENSG00000075336	False	False
ENSG00000151364	False	False
ENSG00000140488	False	False
ENSG00000169469	False	False
ENSG00000178397	False	False
ENSG00000197345	False	False
ENSG00000205364	False	False
ENSG00000197217	False	False
ENSG00000103227	False	False
ENSG00000113812	False	False
ENSG00000145214	False	False
ENSG00000176076	False	False
ENSG00000153266	False	False
ENSG00000130348	False	False
ENSG00000168903	False	False
ENSG00000117614	False	False
ENSG00000167186	False	False
ENSG00000157538	False	False
ENSG00000143543	False	False
ENSG00000181631	False	False
ENSG00000151881	False	False
ENSG00000116459	False	False
ENSG00000116874	False	False
ENSG00000183208	False	False
ENSG00000166548	False	False
ENSG00000197136	False	False
ENSG00000112394	False	False
ENSG00000116745	False	False
ENSG00000167113	False	False
ENSG00000103335	False	False
ENSG00000169446	False	False
ENSG00000284039	False	False
ENSG00000172661	False	False
ENSG00000184571	False	False
ENSG00000165675	False	False
ENSG00000188997	False	False
ENSG00000162433	False	False
ENSG00000109762	False	False
ENSG00000181754	False	False
ENSG00000159199	False	False
ENSG00000169021	False	False
ENSG00000167851	False	False
ENSG00000197375	False	False
ENSG00000160321	False	False
ENSG00000184210	False	False
ENSG00000167720	False	False
ENSG00000101363	False	False
ENSG00000263236	False	False
ENSG00000082126	False	False
ENSG00000181038	False	False
ENSG00000166148	False	False
ENSG00000169688	False	False
ENSG00000177150	False	False
ENSG00000120337	False	False
ENSG00000072849	False	False
ENSG00000182400	False	False
ENSG00000106591	False	False
ENSG00000100575	False	False
ENSG00000248144	False	False
ENSG00000178172	False	False
ENSG00000101349	False	False
ENSG00000100292	False	False
ENSG00000166897	False	False
ENSG00000122783	False	False
ENSG00000197622	False	False
ENSG00000091622	False	False
ENSG00000204961	False	False
ENSG00000272835	False	False
ENSG00000130714	False	False
ENSG00000085741	False	False
ENSG00000148832	False	False
ENSG00000154645	False	False
ENSG00000062282	False	False
ENSG00000180011	False	False
ENSG00000168495	False	False
ENSG00000240230	False	False
ENSG00000124098	False	False
ENSG00000187049	False	False
	False	False
ENSG00000205544	False	False
ENSG00000187821	False	False
ENSG00000198797	False	False
ENSG00000164120	False	False
ENSG00000254709	False	False
ENSG00000145451	False	False
ENSG00000183520	False	False
ENSG00000143412	False	False
ENSG00000124587	False	False
ENSG00000146399	False	False
ENSG00000115112	False	False
ENSG00000141574	False	False
ENSG00000092345	False	False
ENSG00000284501	False	False
	False	False
ENSG00000174453	False	False
ENSG00000167515	False	False
ENSG00000134551	False	False
ENSG00000174749	False	False
ENSG00000186980	False	False
ENSG00000186204	False	False
ENSG00000206527	False	False
ENSG00000188167	False	False
ENSG00000107902	False	False
ENSG00000123353	False	False
ENSG00000140259	False	False
ENSG00000187094	False	False
ENSG00000239389	False	False
ENSG00000084444	False	False
ENSG00000134812	False	False
ENSG00000176635	False	False
ENSG00000126545	False	False
ENSG00000164219	False	False
ENSG00000243509	False	False
ENSG00000148950	False	False
ENSG00000244617	False	False
ENSG00000173511	False	False
ENSG00000182591	False	False
ENSG00000170293	False	False
ENSG00000183729	False	False
ENSG00000241837	False	False
ENSG00000124172	False	False
ENSG00000108433	False	False
ENSG00000101246	False	False
ENSG00000169429	False	False
ENSG00000180098	False	False
ENSG00000161921	False	False
ENSG00000100271	False	False
ENSG00000174807	False	False
ENSG00000213424	False	False
	False	False
ENSG00000167371	False	False
ENSG00000249158	False	False
ENSG00000162706	False	False
ENSG00000119777	False	False
ENSG00000165782	False	False
ENSG00000227140	False	False
ENSG00000170043	False	False
ENSG00000114902	False	False
ENSG00000278889	False	False
ENSG00000104883	False	False
ENSG00000161671	False	False
ENSG00000135211	False	False
ENSG00000101417	False	False
ENSG00000180730	False	False
ENSG00000181634	False	False
ENSG00000100342	False	False
ENSG00000124786	False	False
ENSG00000174684	False	False
ENSG00000183542	False	False
ENSG00000101074	False	False
ENSG00000146197	False	False
ENSG00000145014	False	False
ENSG00000288435	False	False
ENSG00000164308	False	False
ENSG00000171227	False	False
ENSG00000071203	False	False
ENSG00000150656	False	False
ENSG00000242515	False	False
ENSG00000117226	False	False
ENSG00000187733	False	False
ENSG00000131373	False	False
ENSG00000178700	False	False
ENSG00000239713	False	False
ENSG00000174876	False	False
ENSG00000181991	False	False
ENSG00000255009	False	False
ENSG00000234438	False	False
ENSG00000237763	False	False
ENSG00000115446	False	False
ENSG00000166479	False	False
ENSG00000110324	False	False
ENSG00000117069	False	False
ENSG00000117862	False	False
ENSG00000095397	False	False
ENSG00000181817	False	False
ENSG00000181007	False	False
ENSG00000153339	False	False
	False	False
ENSG00000283510	False	False
ENSG00000118263	False	False
ENSG00000241468	False	False
ENSG00000125520	False	False
ENSG00000232143	False	False
ENSG00000187783	False	False
ENSG00000172031	False	False
ENSG00000151665	False	False
ENSG00000105697	False	False
ENSG00000165905	False	False
ENSG00000152266	False	False
ENSG00000164266	False	False
ENSG00000217930	False	False
ENSG00000168484	False	False
ENSG00000137507	False	False
ENSG00000174156	False	False
ENSG00000160202	False	False
ENSG00000147576	False	False
ENSG00000170820	False	False
ENSG00000167302	False	False
ENSG00000258102	False	False
ENSG00000070729	False	False
ENSG00000117533	False	False
ENSG00000111341	False	False
ENSG00000185252	False	False
ENSG00000101938	False	False
ENSG00000006715	False	False
ENSG00000133742	False	False
ENSG00000198417	False	False
ENSG00000131871	False	False
ENSG00000174279	False	False
ENSG00000198829	False	False
ENSG00000170502	False	False
ENSG00000197360	False	False
ENSG00000164284	False	False
ENSG00000141665	False	False
ENSG00000163319	True	False
ENSG00000241635	False	False
ENSG00000183876	False	False
ENSG00000198610	False	False
ENSG00000235608	False	False
ENSG00000163050	False	False
ENSG00000168818	False	False
ENSG00000124479	False	False
ENSG00000143217	False	False
ENSG00000113119	False	False
ENSG00000169575	False	False
ENSG00000178752	False	False
ENSG00000198390	False	False
ENSG00000275111	False	False
ENSG00000105364	False	False
ENSG00000145839	False	False
ENSG00000139330	False	False
ENSG00000197683	False	False
ENSG00000113583	False	False
ENSG00000100410	False	False
ENSG00000198271	False	False
ENSG00000276600	False	False
ENSG00000129455	False	False
ENSG00000151304	False	False
ENSG00000163131	False	False
ENSG00000170561	False	False
ENSG00000186393	False	False
ENSG00000181778	False	False
ENSG00000100162	False	False
ENSG00000156162	False	False
ENSG00000154165	False	False
ENSG00000167930	False	False
ENSG00000180423	False	False
ENSG00000185561	False	False
	False	False
ENSG00000164294	False	False
ENSG00000144596	False	False
ENSG00000162300	False	False
	False	False
ENSG00000171759	False	False
ENSG00000175229	False	False
ENSG00000167194	False	False
ENSG00000114735	False	False
ENSG00000205649	False	False
ENSG00000112077	False	False
ENSG00000168476	False	False
ENSG00000128394	False	False
ENSG00000257218	False	False
ENSG00000069122	False	False
ENSG00000180772	False	False
ENSG00000019169	False	False
ENSG00000163217	False	False
ENSG00000169340	False	False
ENSG00000166881	False	False
ENSG00000198453	False	False
ENSG00000036828	False	False
ENSG00000132664	False	False
ENSG00000100294	False	False
ENSG00000175322	False	False
ENSG00000131508	False	False
ENSG00000166509	False	False
ENSG00000124102	False	False
ENSG00000171864	False	False
ENSG00000170743	False	False
ENSG00000197079	False	False
ENSG00000198515	False	False
ENSG00000139209	False	False
ENSG00000187051	False	False
ENSG00000187824	False	False
ENSG00000101438	False	False
ENSG00000154153	False	False
ENSG00000175766	False	False
ENSG00000215790	False	False
ENSG00000158669	False	False
ENSG00000173436	False	False
ENSG00000173171	False	False
ENSG00000134809	False	False
ENSG00000204511	False	False
ENSG00000197417	False	False
ENSG00000181418	False	False
ENSG00000127463	False	False
ENSG00000152620	False	False
ENSG00000172409	True	False
ENSG00000164180	False	False
ENSG00000075790	False	False
ENSG00000107745	False	False
ENSG00000134153	False	False
ENSG00000105819	False	False
ENSG00000263296	False	False
	False	False
ENSG00000136457	False	False
ENSG00000101166	False	False
ENSG00000172782	False	False
ENSG00000164403	False	False
ENSG00000145990	False	False
ENSG00000121351	False	False
ENSG00000243130	False	False
ENSG00000213619	False	False
ENSG00000106153	False	False
ENSG00000152430	False	False
ENSG00000121542	False	False
ENSG00000282853	False	False
ENSG00000156966	False	False
ENSG00000131148	False	False
ENSG00000074803	False	False
ENSG00000206177	False	False
ENSG00000100416	False	False
ENSG00000185900	False	False
ENSG00000143458	False	False
ENSG00000149735	False	False
ENSG00000182544	False	False
ENSG00000186687	False	False
ENSG00000058600	False	False
ENSG00000106128	False	False
ENSG00000153786	False	False
ENSG00000125999	False	False
ENSG00000137975	False	False
ENSG00000012171	False	False
ENSG00000166321	False	False
ENSG00000145832	False	False
ENSG00000113108	False	False
ENSG00000128274	False	False
ENSG00000212721	False	False
ENSG00000148110	False	False
ENSG00000122674	False	False
ENSG00000181704	False	False
ENSG00000102539	False	False
ENSG00000143340	False	False
ENSG00000144642	False	False
ENSG00000015592	False	False
ENSG00000118454	False	False
ENSG00000187714	False	False
ENSG00000143891	False	False
ENSG00000128463	False	False
ENSG00000281191	False	False
ENSG00000257949	False	False
ENSG00000176782	False	False
ENSG00000180346	False	False
ENSG00000180901	False	False
ENSG00000142794	False	False
ENSG00000183864	False	False
ENSG00000100092	False	False
ENSG00000185246	False	False
ENSG00000284868	False	False
ENSG00000179600	False	False
ENSG00000112139	False	False
ENSG00000173930	False	False
ENSG00000123901	False	False
ENSG00000169344	False	False
ENSG00000186222	False	False
ENSG00000124444	False	False
ENSG00000203785	False	False
ENSG00000113356	False	False
ENSG00000128040	False	False
ENSG00000177946	False	False
ENSG00000164530	False	False
ENSG00000241123	False	False
ENSG00000205916	False	False
ENSG00000100478	False	False
ENSG00000147457	False	False
ENSG00000198691	False	False
ENSG00000124107	False	False
ENSG00000170262	False	False
ENSG00000148734	False	False
ENSG00000184166	False	False
ENSG00000166828	False	False
ENSG00000016490	False	False
ENSG00000144320	False	False
ENSG00000175309	False	False
ENSG00000158296	False	False
ENSG00000164898	False	False
ENSG00000146066	False	False
ENSG00000181666	False	False
ENSG00000274195	False	False
ENSG00000141316	False	False
ENSG00000204897	False	False
ENSG00000132855	False	False
ENSG00000198382	False	False
ENSG00000277006	False	False
ENSG00000161980	False	False
ENSG00000167580	False	False
ENSG00000144659	False	False
ENSG00000114547	False	False
ENSG00000103160	False	False
ENSG00000132286	False	False
ENSG00000126950	False	False
ENSG00000128283	False	False
ENSG00000186326	False	False
ENSG00000186971	False	False
ENSG00000174109	False	False
ENSG00000131686	False	False
ENSG00000170381	False	False
ENSG00000244537	False	False
ENSG00000130385	False	False
ENSG00000119973	False	False
ENSG00000176399	False	False
ENSG00000171135	False	False
ENSG00000213512	False	False
ENSG00000144455	False	False
ENSG00000183569	False	False
ENSG00000125991	False	False
ENSG00000273899	False	False
ENSG00000166069	False	False
ENSG00000182612	False	False
ENSG00000189129	False	False
ENSG00000177096	False	False
ENSG00000138080	False	False
ENSG00000143032	False	False
ENSG00000132915	False	False
ENSG00000163507	False	False
ENSG00000147471	False	False
ENSG00000138617	False	False
ENSG00000086289	False	False
ENSG00000176239	False	False
ENSG00000188818	False	False
ENSG00000151615	False	False
ENSG00000198185	False	False
ENSG00000263101	False	False
ENSG00000101236	False	False
ENSG00000165688	False	False
ENSG00000184895	False	False
ENSG00000174238	False	False
ENSG00000161649	False	False
ENSG00000162972	False	False
ENSG00000185475	False	False
ENSG00000112041	False	False
ENSG00000064726	False	False
ENSG00000172940	False	False
ENSG00000107362	False	False
ENSG00000189043	False	False
ENSG00000154723	False	False
ENSG00000100216	False	False
ENSG00000187045	False	False
ENSG00000183019	False	False
ENSG00000186965	False	False
ENSG00000198792	False	False
ENSG00000144043	False	False
ENSG00000205707	False	False
ENSG00000100246	False	False
ENSG00000239886	False	False
ENSG00000204979	False	False
ENSG00000151834	False	False
ENSG00000164651	False	False
ENSG00000168418	False	False
ENSG00000100281	False	False
ENSG00000100403	False	False
ENSG00000100142	False	False
ENSG00000188033	False	False
ENSG00000113805	False	False
ENSG00000127184	False	False
ENSG00000112619	False	False
ENSG00000100139	False	False
ENSG00000148123	False	False
ENSG00000188811	False	False
ENSG00000137210	False	False
ENSG00000129951	False	False
ENSG00000244045	False	False
ENSG00000101327	False	False
ENSG00000105520	False	False
ENSG00000100226	False	False
ENSG00000168481	False	False
ENSG00000213934	False	False
ENSG00000205669	False	False
ENSG00000185924	False	False
ENSG00000166589	False	False
ENSG00000167165	False	False
ENSG00000146360	False	False
ENSG00000253710	False	False
ENSG00000115827	False	False
ENSG00000107960	False	False
ENSG00000266338	False	False
ENSG00000128309	False	False
ENSG00000183979	False	False
ENSG00000173908	False	False
ENSG00000178462	False	False
ENSG00000123427	False	False
ENSG00000100360	False	False
ENSG00000164291	False	False
ENSG00000157017	False	False
ENSG00000141699	False	False
ENSG00000130055	False	False
ENSG00000107738	False	False
ENSG00000100359	False	False
ENSG00000178772	False	False
ENSG00000125355	False	False
ENSG00000262156	False	False
ENSG00000124089	False	False
ENSG00000007216	False	False
ENSG00000214128	False	False
ENSG00000219481	False	False
ENSG00000244474	False	False
ENSG00000070614	False	False
ENSG00000174695	False	False
ENSG00000162430	False	False
ENSG00000167080	False	False
ENSG00000138435	False	False
ENSG00000183853	False	False
ENSG00000170367	False	False
ENSG00000126861	False	False
ENSG00000166869	False	False
ENSG00000067113	False	False
ENSG00000184381	False	False
ENSG00000169758	False	False
ENSG00000112761	False	False
ENSG00000204571	False	False
ENSG00000127318	False	False
ENSG00000139610	False	False
ENSG00000144355	False	False
ENSG00000016602	False	False
ENSG00000058799	False	False
ENSG00000171224	False	False
ENSG00000042813	False	False
ENSG00000171396	False	False
ENSG00000173253	False	False
ENSG00000147439	False	False
ENSG00000205358	False	False
ENSG00000126550	False	False
ENSG00000205808	False	False
ENSG00000103375	False	False
ENSG00000100116	False	False
ENSG00000154079	False	False
ENSG00000205864	False	False
ENSG00000059691	False	False
ENSG00000215193	False	False
ENSG00000160218	False	False
ENSG00000133317	False	False
ENSG00000277649	False	False
ENSG00000244057	False	False
ENSG00000111058	False	False
ENSG00000257591	False	False
ENSG00000241119	False	False
ENSG00000169397	False	False
ENSG00000241360	False	False
ENSG00000243135	False	False
ENSG00000286112	False	False
ENSG00000128311	False	False
ENSG00000242247	False	False
ENSG00000176018	False	False
ENSG00000141098	False	False
ENSG00000131808	False	False
ENSG00000244122	False	False
ENSG00000129824	False	False
ENSG00000211679	False	False
ENSG00000053770	False	False
ENSG00000101846	False	False
ENSG00000119977	False	False
ENSG00000187175	False	False
ENSG00000230900	False	False
ENSG00000164265	False	False
ENSG00000196636	False	False
ENSG00000164451	False	False
ENSG00000164128	False	False
ENSG00000118363	False	False
ENSG00000187272	False	False
ENSG00000176209	False	False
ENSG00000242366	False	False
ENSG00000183340	False	False
ENSG00000139574	False	False
ENSG00000188581	False	False
	False	False
ENSG00000100413	False	False
ENSG00000188730	False	False
ENSG00000174348	False	False
ENSG00000149021	False	False
ENSG00000088682	False	False
ENSG00000205923	False	False
ENSG00000131050	False	False
ENSG00000142677	False	False
ENSG00000267673	False	False
ENSG00000204922	False	False
ENSG00000100147	False	False
ENSG00000159579	False	False
ENSG00000185436	False	False
ENSG00000167862	False	False
ENSG00000074935	False	False
ENSG00000167740	False	False
ENSG00000242110	True	False
ENSG00000273397	False	False
ENSG00000100417	False	False
ENSG00000117010	False	False
ENSG00000108423	False	False
ENSG00000204873	False	False
ENSG00000163286	False	False
ENSG00000172155	False	False
ENSG00000168509	False	False
ENSG00000187223	False	False
	False	False
ENSG00000130173	False	False
ENSG00000282891	False	False
ENSG00000198951	False	False
ENSG00000186970	False	False
ENSG00000120054	False	False
ENSG00000196236	False	False
ENSG00000100124	False	False
ENSG00000284009	False	False
ENSG00000256797	False	False
ENSG00000187173	False	False
ENSG00000166762	False	False
ENSG00000143768	False	False
ENSG00000172215	False	False
ENSG00000204361	False	False
ENSG00000100346	False	False
ENSG00000276175	False	False
ENSG00000171199	False	False
ENSG00000187170	False	False
ENSG00000175535	False	False
ENSG00000237814	False	False
ENSG00000196620	False	False
ENSG00000185962	False	False
ENSG00000001036	False	False
ENSG00000160882	False	False
ENSG00000188393	False	False
ENSG00000158747	False	False
ENSG00000187238	False	False
ENSG00000132702	False	False
ENSG00000240386	False	False
ENSG00000112599	False	False
ENSG00000133466	False	False
ENSG00000158786	False	False
ENSG00000173918	False	False
ENSG00000166997	False	False
ENSG00000162490	False	False
ENSG00000243646	False	False
ENSG00000169347	False	False
ENSG00000054803	False	False
ENSG00000186226	False	False
ENSG00000243709	False	False
ENSG00000180872	False	False
ENSG00000139899	False	False
ENSG00000188559	False	False
ENSG00000187180	False	False
ENSG00000186207	False	False
ENSG00000137392	False	False
ENSG00000170471	False	False
ENSG00000243480	False	False
ENSG00000125861	False	False
ENSG00000125650	False	False
ENSG00000164485	False	False
ENSG00000169962	False	False
ENSG00000179002	False	False
ENSG00000182393	False	False
ENSG00000198183	False	False
ENSG00000250120	False	False
ENSG00000221890	False	False
ENSG00000186190	False	False
ENSG00000065320	False	False
ENSG00000278216	False	False
ENSG00000135222	False	False
ENSG00000186844	False	False
ENSG00000183709	False	False
ENSG00000196734	False	False
ENSG00000168792	False	False
ENSG00000159455	False	False
ENSG00000137674	False	False
ENSG00000152591	False	False
ENSG00000132465	False	False
ENSG00000171209	False	False
ENSG00000266200	False	False
ENSG00000125375	False	False
ENSG00000173662	False	False
ENSG00000197084	False	False
ENSG00000102924	False	False
